[22:03:23.225][info] [#0:/home/oscar/.dotfiles/emacs/.config/emacs/mason/packages/lua-language-server/libexec/main.lua:71]: Lua Lsp startup, root: 	/home/oscar/.dotfiles/emacs/.config/emacs/mason/packages/lua-language-server/libexec
[22:03:23.226][info] [#0:/home/oscar/.dotfiles/emacs/.config/emacs/mason/packages/lua-language-server/libexec/main.lua:72]: ROOT:	/home/oscar/.dotfiles/emacs/.config/emacs/mason/packages/lua-language-server/libexec
[22:03:23.226][info] [#0:/home/oscar/.dotfiles/emacs/.config/emacs/mason/packages/lua-language-server/libexec/main.lua:73]: LOGPATH:	/home/oscar/.dotfiles/emacs/.config/emacs/mason/packages/lua-language-server/libexec/log
[22:03:23.226][info] [#0:/home/oscar/.dotfiles/emacs/.config/emacs/mason/packages/lua-language-server/libexec/main.lua:74]: METAPATH:	/home/oscar/.dotfiles/emacs/.config/emacs/mason/packages/lua-language-server/libexec/meta
[22:03:23.226][info] [#0:/home/oscar/.dotfiles/emacs/.config/emacs/mason/packages/lua-language-server/libexec/main.lua:75]: VERSION:	3.16.4
[22:03:23.258][info] [#0:script/proto/proto.lua:260]: Listen Mode: stdio
[22:03:23.258][info] [#0:script/service/service.lua:145]: 
========= Medical Examination Report =========
    --------------- Memory ---------------
        Total: 1.899 MB
        # 00 : 1.899 MB
        # 01 : 0.000 MB
        # 02 : 0.000 MB
        # 03 : 0.000 MB
        # 04 : 0.000 MB
    --------------- Coroutine ---------------
        Total:     0
        Running:   0
        Suspended: 0
        Normal:    0
        Dead:      0
    --------------- Cache ---------------
        Total: 1
        Dead:  0
    ---------------  RPC  ---------------
        Holdon:   0
        Waiting:  0
==============================================
[22:03:23.364][info] [#0:script/client.lua:657]: Client init	{
  capabilities = {
    experimental = {},
    general = {
      positionEncodings = { "utf-32", "utf-8", "utf-16" }
    },
    textDocument = {
      codeAction = {
        codeActionLiteralSupport = {
          codeActionKind = {
            valueSet = { "quickfix", "refactor", "refactor.extract", "refactor.inline", "refactor.rewrite", "source", "source.organizeImports" }
          }
        },
        dataSupport = true,
        dynamicRegistration = false,
        isPreferredSupport = true,
        resolveSupport = {
          properties = { "edit", "command" }
        }
      },
      completion = {
        completionItem = {
          deprecatedSupport = true,
          resolveSupport = {
            properties = { "documentation", "details", "additionalTextEdits" }
          },
          snippetSupport = true,
          tagSupport = {
            valueSet = { 1 }
          }
        },
        contextSupport = true,
        dynamicRegistration = false
      },
      declaration = {
        dynamicRegistration = false,
        linkSupport = true
      },
      definition = {
        dynamicRegistration = false,
        linkSupport = true
      },
      documentHighlight = {
        dynamicRegistration = false
      },
      documentSymbol = {
        dynamicRegistration = false,
        hierarchicalDocumentSymbolSupport = true,
        symbolKind = {
          valueSet = { 1, 2, 3, 4, 5, 6, 7, 8, 9, 10, 11, 12, 13, 14, 15, 16, 17, 18, 19, 20, 21, 22, 23, 24, 25, 26 }
        }
      },
      formatting = {
        dynamicRegistration = false
      },
      hover = {
        contentFormat = { "markdown", "plaintext" },
        dynamicRegistration = false
      },
      implementation = {
        dynamicRegistration = false,
        linkSupport = true
      },
      inlayHint = {
        dynamicRegistration = false
      },
      publishDiagnostics = {
        codeDescriptionSupport = false,
        relatedInformation = false,
        tagSupport = {
          valueSet = { 1, 2 }
        }
      },
      rangeFormatting = {
        dynamicRegistration = false
      },
      references = {
        dynamicRegistration = false
      },
      rename = {
        dynamicRegistration = false
      },
      signatureHelp = {
        dynamicRegistration = false,
        signatureInformation = {
          activeParameterSupport = true,
          documentationFormat = { "markdown", "plaintext" },
          parameterInformation = {
            labelOffsetSupport = true
          }
        }
      },
      synchronization = {
        didSave = true,
        dynamicRegistration = false,
        willSave = true,
        willSaveWaitUntil = true
      },
      typeDefinition = {
        dynamicRegistration = false,
        linkSupport = true
      }
    },
    window = {
      showDocument = {
        support = true
      },
      workDoneProgress = true
    },
    workspace = {
      applyEdit = true,
      configuration = true,
      didChangeWatchedFiles = {
        dynamicRegistration = true
      },
      executeCommand = {
        dynamicRegistration = false
      },
      symbol = {
        dynamicRegistration = false
      },
      workspaceEdit = {
        documentChanges = true
      },
      workspaceFolders = true
    }
  },
  clientInfo = {
    name = "Eglot",
    version = "1.17.30"
  },
  initializationOptions = {},
  processId = 767792,
  rootPath = "/home/oscar/.dotfiles/",
  rootUri = "file:///home/oscar/.dotfiles",
  workspaceFolders = { {
      name = "~/.dotfiles/",
      uri = "file:///home/oscar/.dotfiles"
    } }
}
[22:03:23.364][info] [#0:script/language.lua:137]: VSC language: nil
[22:03:23.364][info] [#0:script/language.lua:138]: LS  language: en-us
[22:03:23.364][info] [#0:script/workspace/workspace.lua:38]: Workspace init root: 	file:///home/oscar/.dotfiles
[22:03:23.364][info] [#0:script/workspace/workspace.lua:42]: Log path: 	/home/oscar/.dotfiles/emacs/.config/emacs/mason/packages/lua-language-server/libexec/log/file_home_oscar_.dotfiles.log
[22:03:23.365][info] [#0:script/workspace/workspace.lua:48]: Workspace create: 	file:///home/oscar/.dotfiles
[22:03:23.671][warn] [#0:script/config/loader.lua:116]: No config?	{}
[22:03:23.671][warn] [#0:script/config/loader.lua:116]: No config?	{}
[22:03:23.771][warn] [#0:script/config/loader.lua:116]: No config?	{}
[22:03:23.771][info] [#0:script/provider/provider.lua:65]: Load config from client	fallback
[22:03:23.771][info] [#0:script/provider/provider.lua:66]: nil
[22:03:23.771][warn] [#0:script/config/loader.lua:116]: No config?	{}
[22:03:23.771][info] [#0:script/provider/provider.lua:65]: Load config from client	fallback
[22:03:23.771][info] [#0:script/provider/provider.lua:66]: nil
[22:03:23.885][info] [#0:script/library.lua:216]: Init builtin library at:	file:///home/oscar/.dotfiles
[22:03:23.886][error][#0:script/locale-loader.lua:5]: script/locale-loader.lua:5: attempt to index a number value (local 'k')
stack traceback:
	script/locale-loader.lua:5: in upvalue 'mergeKey'
	script/locale-loader.lua:18: in metamethod 'newindex'
	...ckages/lua-language-server/libexec/locale/en-us/meta.lua:885: in main chunk
	script/locale-loader.lua:25: in function 'locale-loader'
	[C]: in global 'xpcall'
	script/library.lua:210: in upvalue 'loadMetaLocale'
	script/library.lua:230: in upvalue 'initBuiltIn'
	script/library.lua:668: in upvalue 'callback'
	script/workspace/workspace.lua:31: in function <script/workspace/workspace.lua:30>
[22:03:23.903][info] [#0:script/library.lua:216]: Init builtin library at:	nil
[22:03:23.903][error][#0:script/locale-loader.lua:5]: script/locale-loader.lua:5: attempt to index a number value (local 'k')
stack traceback:
	script/locale-loader.lua:5: in upvalue 'mergeKey'
	script/locale-loader.lua:18: in metamethod 'newindex'
	...ckages/lua-language-server/libexec/locale/en-us/meta.lua:885: in main chunk
	script/locale-loader.lua:25: in function 'locale-loader'
	[C]: in global 'xpcall'
	script/library.lua:210: in upvalue 'loadMetaLocale'
	script/library.lua:230: in upvalue 'initBuiltIn'
	script/library.lua:668: in upvalue 'callback'
	script/workspace/workspace.lua:31: in function <script/workspace/workspace.lua:30>
[22:03:24.012][info] [#0:script/workspace/workspace.lua:332]: Preload start:	file:///home/oscar/.dotfiles
[22:03:24.015][info] [#0:script/workspace/workspace.lua:338]: Scan files at:	file:///home/oscar/.dotfiles
[22:03:25.065][info] [#0:script/workspace/workspace.lua:332]: Preload start:	<fallback>
[22:03:25.066][info] [#0:script/workspace/workspace.lua:361]: Scan library at:	file:///home/oscar/.dotfiles/emacs/.config/emacs/mason/packages/lua-language-server/libexec/meta/Lua%205.4%20en-us%20utf8/builtin.lua
[22:03:25.067][info] [#0:script/workspace/workspace.lua:361]: Scan library at:	file:///home/oscar/.dotfiles/emacs/.config/emacs/mason/packages/lua-language-server/libexec/meta/Lua%205.4%20en-us%20utf8/os.lua
[22:03:25.067][info] [#0:script/workspace/workspace.lua:361]: Scan library at:	file:///home/oscar/.dotfiles/emacs/.config/emacs/mason/packages/lua-language-server/libexec/meta/Lua%205.4%20en-us%20utf8/basic.lua
[22:03:25.067][info] [#0:script/workspace/workspace.lua:361]: Scan library at:	file:///home/oscar/.dotfiles/emacs/.config/emacs/mason/packages/lua-language-server/libexec/meta/Lua%205.4%20en-us%20utf8/string.lua
[22:03:25.068][info] [#0:script/workspace/workspace.lua:361]: Scan library at:	file:///home/oscar/.dotfiles/emacs/.config/emacs/mason/packages/lua-language-server/libexec/meta/Lua%205.4%20en-us%20utf8/debug.lua
[22:03:25.068][info] [#0:script/workspace/workspace.lua:361]: Scan library at:	file:///home/oscar/.dotfiles/emacs/.config/emacs/mason/packages/lua-language-server/libexec/meta/Lua%205.4%20en-us%20utf8/table.lua
[22:03:25.068][info] [#0:script/workspace/workspace.lua:361]: Scan library at:	file:///home/oscar/.dotfiles/emacs/.config/emacs/mason/packages/lua-language-server/libexec/meta/Lua%205.4%20en-us%20utf8/coroutine.lua
[22:03:25.068][info] [#0:script/workspace/workspace.lua:361]: Scan library at:	file:///home/oscar/.dotfiles/emacs/.config/emacs/mason/packages/lua-language-server/libexec/meta/Lua%205.4%20en-us%20utf8/math.lua
[22:03:25.068][info] [#0:script/workspace/workspace.lua:361]: Scan library at:	file:///home/oscar/.dotfiles/emacs/.config/emacs/mason/packages/lua-language-server/libexec/meta/Lua%205.4%20en-us%20utf8/package.lua
[22:03:25.068][info] [#0:script/workspace/workspace.lua:361]: Scan library at:	file:///home/oscar/.dotfiles/emacs/.config/emacs/mason/packages/lua-language-server/libexec/meta/Lua%205.4%20en-us%20utf8/utf8.lua
[22:03:25.068][info] [#0:script/workspace/workspace.lua:361]: Scan library at:	file:///home/oscar/.dotfiles/emacs/.config/emacs/mason/packages/lua-language-server/libexec/meta/Lua%205.4%20en-us%20utf8/io.lua
[22:03:25.168][info] [#0:script/workspace/workspace.lua:387]: Found 11 files at:	<fallback>
[22:03:25.168][info] [#0:script/workspace/loading.lua:160]: Load files from disk:	<fallback>
[22:03:25.169][info] [#0:script/workspace/loading.lua:100]: Preload file at: file:///home/oscar/.dotfiles/emacs/.config/emacs/mason/packages/lua-language-server/libexec/meta/Lua%205.4%20en-us%20utf8/io.lua , size = 6.364 KB
[22:03:25.176][info] [#0:script/workspace/loading.lua:112]: ++++As library of:	file:///home/oscar/.dotfiles/emacs/.config/emacs/mason/packages/lua-language-server/libexec/meta/Lua%205.4%20en-us%20utf8/io.lua
[22:03:25.176][info] [#0:script/workspace/loading.lua:100]: Preload file at: file:///home/oscar/.dotfiles/emacs/.config/emacs/mason/packages/lua-language-server/libexec/meta/Lua%205.4%20en-us%20utf8/utf8.lua , size = 2.387 KB
[22:03:25.179][info] [#0:script/workspace/loading.lua:112]: ++++As library of:	file:///home/oscar/.dotfiles/emacs/.config/emacs/mason/packages/lua-language-server/libexec/meta/Lua%205.4%20en-us%20utf8/utf8.lua
[22:03:25.179][info] [#0:script/workspace/loading.lua:100]: Preload file at: file:///home/oscar/.dotfiles/emacs/.config/emacs/mason/packages/lua-language-server/libexec/meta/Lua%205.4%20en-us%20utf8/package.lua , size = 2.944 KB
[22:03:25.182][info] [#0:script/workspace/loading.lua:112]: ++++As library of:	file:///home/oscar/.dotfiles/emacs/.config/emacs/mason/packages/lua-language-server/libexec/meta/Lua%205.4%20en-us%20utf8/package.lua
[22:03:25.182][info] [#0:script/workspace/loading.lua:100]: Preload file at: file:///home/oscar/.dotfiles/emacs/.config/emacs/mason/packages/lua-language-server/libexec/meta/Lua%205.4%20en-us%20utf8/math.lua , size = 8.595 KB
[22:03:25.186][info] [#0:script/workspace/loading.lua:112]: ++++As library of:	file:///home/oscar/.dotfiles/emacs/.config/emacs/mason/packages/lua-language-server/libexec/meta/Lua%205.4%20en-us%20utf8/math.lua
[22:03:25.186][info] [#0:script/workspace/loading.lua:100]: Preload file at: file:///home/oscar/.dotfiles/emacs/.config/emacs/mason/packages/lua-language-server/libexec/meta/Lua%205.4%20en-us%20utf8/coroutine.lua , size = 2.590 KB
[22:03:25.187][info] [#0:script/workspace/loading.lua:112]: ++++As library of:	file:///home/oscar/.dotfiles/emacs/.config/emacs/mason/packages/lua-language-server/libexec/meta/Lua%205.4%20en-us%20utf8/coroutine.lua
[22:03:25.187][info] [#0:script/workspace/loading.lua:100]: Preload file at: file:///home/oscar/.dotfiles/emacs/.config/emacs/mason/packages/lua-language-server/libexec/meta/Lua%205.4%20en-us%20utf8/table.lua , size = 5.020 KB
[22:03:25.190][info] [#0:script/workspace/loading.lua:112]: ++++As library of:	file:///home/oscar/.dotfiles/emacs/.config/emacs/mason/packages/lua-language-server/libexec/meta/Lua%205.4%20en-us%20utf8/table.lua
[22:03:25.190][info] [#0:script/workspace/loading.lua:100]: Preload file at: file:///home/oscar/.dotfiles/emacs/.config/emacs/mason/packages/lua-language-server/libexec/meta/Lua%205.4%20en-us%20utf8/debug.lua , size = 7.637 KB
[22:03:25.193][info] [#0:script/workspace/loading.lua:112]: ++++As library of:	file:///home/oscar/.dotfiles/emacs/.config/emacs/mason/packages/lua-language-server/libexec/meta/Lua%205.4%20en-us%20utf8/debug.lua
[22:03:25.193][info] [#0:script/workspace/loading.lua:100]: Preload file at: file:///home/oscar/.dotfiles/emacs/.config/emacs/mason/packages/lua-language-server/libexec/meta/Lua%205.4%20en-us%20utf8/string.lua , size = 6.389 KB
[22:03:25.196][info] [#0:script/workspace/loading.lua:112]: ++++As library of:	file:///home/oscar/.dotfiles/emacs/.config/emacs/mason/packages/lua-language-server/libexec/meta/Lua%205.4%20en-us%20utf8/string.lua
[22:03:25.196][info] [#0:script/workspace/loading.lua:100]: Preload file at: file:///home/oscar/.dotfiles/emacs/.config/emacs/mason/packages/lua-language-server/libexec/meta/Lua%205.4%20en-us%20utf8/basic.lua , size = 17.330 KB
[22:03:25.206][info] [#0:script/workspace/loading.lua:112]: ++++As library of:	file:///home/oscar/.dotfiles/emacs/.config/emacs/mason/packages/lua-language-server/libexec/meta/Lua%205.4%20en-us%20utf8/basic.lua
[22:03:25.206][info] [#0:script/workspace/loading.lua:100]: Preload file at: file:///home/oscar/.dotfiles/emacs/.config/emacs/mason/packages/lua-language-server/libexec/meta/Lua%205.4%20en-us%20utf8/os.lua , size = 5.611 KB
[22:03:25.209][info] [#0:script/workspace/loading.lua:112]: ++++As library of:	file:///home/oscar/.dotfiles/emacs/.config/emacs/mason/packages/lua-language-server/libexec/meta/Lua%205.4%20en-us%20utf8/os.lua
[22:03:25.209][info] [#0:script/workspace/loading.lua:100]: Preload file at: file:///home/oscar/.dotfiles/emacs/.config/emacs/mason/packages/lua-language-server/libexec/meta/Lua%205.4%20en-us%20utf8/builtin.lua , size = 0.302 KB
[22:03:25.210][info] [#0:script/workspace/loading.lua:112]: ++++As library of:	file:///home/oscar/.dotfiles/emacs/.config/emacs/mason/packages/lua-language-server/libexec/meta/Lua%205.4%20en-us%20utf8/builtin.lua
[22:03:25.268][info] [#0:script/workspace/loading.lua:172]: Loaded files takes [0.103] sec: <fallback>
[22:03:25.268][info] [#0:script/workspace/loading.lua:181]: Compile files takes [0.000] sec: <fallback>
[22:03:25.268][info] [#0:script/workspace/loading.lua:182]: Loaded finish:	<fallback>
[22:03:25.268][info] [#0:script/workspace/workspace.lua:389]: Preload finish at:	<fallback>
[22:03:28.127][info] [#0:script/workspace/workspace.lua:361]: Scan library at:	file:///home/oscar/.dotfiles/emacs/.config/emacs/mason/packages/lua-language-server/libexec/meta/Lua%205.4%20en-us%20utf8/builtin.lua
[22:03:28.127][info] [#0:script/workspace/workspace.lua:361]: Scan library at:	file:///home/oscar/.dotfiles/emacs/.config/emacs/mason/packages/lua-language-server/libexec/meta/Lua%205.4%20en-us%20utf8/os.lua
[22:03:28.127][info] [#0:script/workspace/workspace.lua:361]: Scan library at:	file:///home/oscar/.dotfiles/emacs/.config/emacs/mason/packages/lua-language-server/libexec/meta/Lua%205.4%20en-us%20utf8/basic.lua
[22:03:28.127][info] [#0:script/workspace/workspace.lua:361]: Scan library at:	file:///home/oscar/.dotfiles/emacs/.config/emacs/mason/packages/lua-language-server/libexec/meta/Lua%205.4%20en-us%20utf8/string.lua
[22:03:28.127][info] [#0:script/workspace/workspace.lua:361]: Scan library at:	file:///home/oscar/.dotfiles/emacs/.config/emacs/mason/packages/lua-language-server/libexec/meta/Lua%205.4%20en-us%20utf8/debug.lua
[22:03:28.127][info] [#0:script/workspace/workspace.lua:361]: Scan library at:	file:///home/oscar/.dotfiles/emacs/.config/emacs/mason/packages/lua-language-server/libexec/meta/Lua%205.4%20en-us%20utf8/table.lua
[22:03:28.127][info] [#0:script/workspace/workspace.lua:361]: Scan library at:	file:///home/oscar/.dotfiles/emacs/.config/emacs/mason/packages/lua-language-server/libexec/meta/Lua%205.4%20en-us%20utf8/coroutine.lua
[22:03:28.127][info] [#0:script/workspace/workspace.lua:361]: Scan library at:	file:///home/oscar/.dotfiles/emacs/.config/emacs/mason/packages/lua-language-server/libexec/meta/Lua%205.4%20en-us%20utf8/math.lua
[22:03:28.127][info] [#0:script/workspace/workspace.lua:361]: Scan library at:	file:///home/oscar/.dotfiles/emacs/.config/emacs/mason/packages/lua-language-server/libexec/meta/Lua%205.4%20en-us%20utf8/package.lua
[22:03:28.127][info] [#0:script/workspace/workspace.lua:361]: Scan library at:	file:///home/oscar/.dotfiles/emacs/.config/emacs/mason/packages/lua-language-server/libexec/meta/Lua%205.4%20en-us%20utf8/utf8.lua
[22:03:28.127][info] [#0:script/workspace/workspace.lua:361]: Scan library at:	file:///home/oscar/.dotfiles/emacs/.config/emacs/mason/packages/lua-language-server/libexec/meta/Lua%205.4%20en-us%20utf8/io.lua
[22:03:28.230][info] [#0:script/workspace/workspace.lua:387]: Found 1326 files at:	file:///home/oscar/.dotfiles
[22:03:28.230][info] [#0:script/workspace/loading.lua:160]: Load files from disk:	file:///home/oscar/.dotfiles
[22:03:28.233][info] [#0:script/workspace/loading.lua:88]: Skip loaded file: file:///home/oscar/.dotfiles/emacs/.config/emacs/mason/packages/lua-language-server/libexec/meta/Lua%205.4%20en-us%20utf8/io.lua
[22:03:28.234][info] [#0:script/workspace/loading.lua:112]: ++++As library of:	file:///home/oscar/.dotfiles/emacs/.config/emacs/mason/packages/lua-language-server/libexec/meta/Lua%205.4%20en-us%20utf8/io.lua
[22:03:28.234][info] [#0:script/workspace/loading.lua:88]: Skip loaded file: file:///home/oscar/.dotfiles/emacs/.config/emacs/mason/packages/lua-language-server/libexec/meta/Lua%205.4%20en-us%20utf8/utf8.lua
[22:03:28.234][info] [#0:script/workspace/loading.lua:112]: ++++As library of:	file:///home/oscar/.dotfiles/emacs/.config/emacs/mason/packages/lua-language-server/libexec/meta/Lua%205.4%20en-us%20utf8/utf8.lua
[22:03:28.236][info] [#0:script/workspace/loading.lua:88]: Skip loaded file: file:///home/oscar/.dotfiles/emacs/.config/emacs/mason/packages/lua-language-server/libexec/meta/Lua%205.4%20en-us%20utf8/package.lua
[22:03:28.236][info] [#0:script/workspace/loading.lua:112]: ++++As library of:	file:///home/oscar/.dotfiles/emacs/.config/emacs/mason/packages/lua-language-server/libexec/meta/Lua%205.4%20en-us%20utf8/package.lua
[22:03:28.236][info] [#0:script/workspace/loading.lua:88]: Skip loaded file: file:///home/oscar/.dotfiles/emacs/.config/emacs/mason/packages/lua-language-server/libexec/meta/Lua%205.4%20en-us%20utf8/math.lua
[22:03:28.236][info] [#0:script/workspace/loading.lua:112]: ++++As library of:	file:///home/oscar/.dotfiles/emacs/.config/emacs/mason/packages/lua-language-server/libexec/meta/Lua%205.4%20en-us%20utf8/math.lua
[22:03:28.236][info] [#0:script/workspace/loading.lua:88]: Skip loaded file: file:///home/oscar/.dotfiles/emacs/.config/emacs/mason/packages/lua-language-server/libexec/meta/Lua%205.4%20en-us%20utf8/coroutine.lua
[22:03:28.236][info] [#0:script/workspace/loading.lua:112]: ++++As library of:	file:///home/oscar/.dotfiles/emacs/.config/emacs/mason/packages/lua-language-server/libexec/meta/Lua%205.4%20en-us%20utf8/coroutine.lua
[22:03:28.236][info] [#0:script/workspace/loading.lua:88]: Skip loaded file: file:///home/oscar/.dotfiles/emacs/.config/emacs/mason/packages/lua-language-server/libexec/meta/Lua%205.4%20en-us%20utf8/table.lua
[22:03:28.236][info] [#0:script/workspace/loading.lua:112]: ++++As library of:	file:///home/oscar/.dotfiles/emacs/.config/emacs/mason/packages/lua-language-server/libexec/meta/Lua%205.4%20en-us%20utf8/table.lua
[22:03:28.236][info] [#0:script/workspace/loading.lua:88]: Skip loaded file: file:///home/oscar/.dotfiles/emacs/.config/emacs/mason/packages/lua-language-server/libexec/meta/Lua%205.4%20en-us%20utf8/debug.lua
[22:03:28.236][info] [#0:script/workspace/loading.lua:112]: ++++As library of:	file:///home/oscar/.dotfiles/emacs/.config/emacs/mason/packages/lua-language-server/libexec/meta/Lua%205.4%20en-us%20utf8/debug.lua
[22:03:28.236][info] [#0:script/workspace/loading.lua:88]: Skip loaded file: file:///home/oscar/.dotfiles/emacs/.config/emacs/mason/packages/lua-language-server/libexec/meta/Lua%205.4%20en-us%20utf8/string.lua
[22:03:28.236][info] [#0:script/workspace/loading.lua:112]: ++++As library of:	file:///home/oscar/.dotfiles/emacs/.config/emacs/mason/packages/lua-language-server/libexec/meta/Lua%205.4%20en-us%20utf8/string.lua
[22:03:28.236][info] [#0:script/workspace/loading.lua:88]: Skip loaded file: file:///home/oscar/.dotfiles/emacs/.config/emacs/mason/packages/lua-language-server/libexec/meta/Lua%205.4%20en-us%20utf8/basic.lua
[22:03:28.236][info] [#0:script/workspace/loading.lua:112]: ++++As library of:	file:///home/oscar/.dotfiles/emacs/.config/emacs/mason/packages/lua-language-server/libexec/meta/Lua%205.4%20en-us%20utf8/basic.lua
[22:03:28.236][info] [#0:script/workspace/loading.lua:88]: Skip loaded file: file:///home/oscar/.dotfiles/emacs/.config/emacs/mason/packages/lua-language-server/libexec/meta/Lua%205.4%20en-us%20utf8/os.lua
[22:03:28.236][info] [#0:script/workspace/loading.lua:112]: ++++As library of:	file:///home/oscar/.dotfiles/emacs/.config/emacs/mason/packages/lua-language-server/libexec/meta/Lua%205.4%20en-us%20utf8/os.lua
[22:03:28.236][info] [#0:script/workspace/loading.lua:88]: Skip loaded file: file:///home/oscar/.dotfiles/emacs/.config/emacs/mason/packages/lua-language-server/libexec/meta/Lua%205.4%20en-us%20utf8/builtin.lua
[22:03:28.236][info] [#0:script/workspace/loading.lua:112]: ++++As library of:	file:///home/oscar/.dotfiles/emacs/.config/emacs/mason/packages/lua-language-server/libexec/meta/Lua%205.4%20en-us%20utf8/builtin.lua
[22:03:28.239][info] [#0:script/workspace/loading.lua:139]: Preload dll at: file:///home/oscar/.dotfiles/emacs/.config/emacs/tree-sitter/libtree-sitter-awk.so , size = 740.328 KB
[22:03:28.245][info] [#0:script/workspace/loading.lua:139]: Preload dll at: file:///home/oscar/.dotfiles/emacs/.config/emacs/tree-sitter/libtree-sitter-bash.so , size = 1364.922 KB
[22:03:28.254][info] [#0:script/workspace/loading.lua:139]: Preload dll at: file:///home/oscar/.dotfiles/emacs/.config/emacs/tree-sitter/libtree-sitter-bibtex.so , size = 23.312 KB
[22:03:28.255][info] [#0:script/workspace/loading.lua:139]: Preload dll at: file:///home/oscar/.dotfiles/emacs/.config/emacs/tree-sitter/libtree-sitter-blueprint.so , size = 95.195 KB
[22:03:28.257][info] [#0:script/workspace/loading.lua:139]: Preload dll at: file:///home/oscar/.dotfiles/emacs/.config/emacs/tree-sitter/libtree-sitter-clojure.so , size = 112.906 KB
[22:03:28.259][info] [#0:script/workspace/loading.lua:139]: Preload dll at: file:///home/oscar/.dotfiles/emacs/.config/emacs/tree-sitter/libtree-sitter-cmake.so , size = 96.414 KB
[22:03:28.262][info] [#0:script/workspace/loading.lua:139]: Preload dll at: file:///home/oscar/.dotfiles/emacs/.config/emacs/tree-sitter/libtree-sitter-commonlisp.so , size = 772.945 KB
[22:03:28.277][info] [#0:script/workspace/loading.lua:139]: Preload dll at: file:///home/oscar/.dotfiles/emacs/.config/emacs/tree-sitter/libtree-sitter-c-sharp.so , size = 4984.953 KB
[22:03:28.306][info] [#0:script/workspace/loading.lua:139]: Preload dll at: file:///home/oscar/.dotfiles/emacs/.config/emacs/tree-sitter/libtree-sitter-cpp.so , size = 5292.453 KB
[22:03:28.336][info] [#0:script/workspace/loading.lua:139]: Preload dll at: file:///home/oscar/.dotfiles/emacs/.config/emacs/tree-sitter/libtree-sitter-css.so , size = 128.891 KB
[22:03:28.337][info] [#0:script/workspace/loading.lua:139]: Preload dll at: file:///home/oscar/.dotfiles/emacs/.config/emacs/tree-sitter/libtree-sitter-dockerfile.so , size = 76.492 KB
[22:03:28.338][info] [#0:script/workspace/loading.lua:139]: Preload dll at: file:///home/oscar/.dotfiles/emacs/.config/emacs/tree-sitter/libtree-sitter-dart.so , size = 800.078 KB
[22:03:28.345][info] [#0:script/workspace/loading.lua:139]: Preload dll at: file:///home/oscar/.dotfiles/emacs/.config/emacs/tree-sitter/libtree-sitter-elixir.so , size = 1401.508 KB
[22:03:28.354][info] [#0:script/workspace/loading.lua:139]: Preload dll at: file:///home/oscar/.dotfiles/emacs/.config/emacs/tree-sitter/libtree-sitter-glsl.so , size = 859.836 KB
[22:03:28.360][info] [#0:script/workspace/loading.lua:139]: Preload dll at: file:///home/oscar/.dotfiles/emacs/.config/emacs/tree-sitter/libtree-sitter-go.so , size = 235.961 KB
[22:03:28.361][info] [#0:script/workspace/loading.lua:139]: Preload dll at: file:///home/oscar/.dotfiles/emacs/.config/emacs/tree-sitter/libtree-sitter-gomod.so , size = 31.250 KB
[22:03:28.361][info] [#0:script/workspace/loading.lua:139]: Preload dll at: file:///home/oscar/.dotfiles/emacs/.config/emacs/tree-sitter/libtree-sitter-heex.so , size = 35.422 KB
[22:03:28.362][info] [#0:script/workspace/loading.lua:139]: Preload dll at: file:///home/oscar/.dotfiles/emacs/.config/emacs/tree-sitter/libtree-sitter-html.so , size = 37.406 KB
[22:03:28.362][info] [#0:script/workspace/loading.lua:139]: Preload dll at: file:///home/oscar/.dotfiles/emacs/.config/emacs/tree-sitter/libtree-sitter-janet.so , size = 35.859 KB
[22:03:28.364][info] [#0:script/workspace/loading.lua:139]: Preload dll at: file:///home/oscar/.dotfiles/emacs/.config/emacs/tree-sitter/libtree-sitter-java.so , size = 435.109 KB
[22:03:28.367][info] [#0:script/workspace/loading.lua:139]: Preload dll at: file:///home/oscar/.dotfiles/emacs/.config/emacs/tree-sitter/libtree-sitter-javascript.so , size = 437.117 KB
[22:03:28.370][info] [#0:script/workspace/loading.lua:139]: Preload dll at: file:///home/oscar/.dotfiles/emacs/.config/emacs/tree-sitter/libtree-sitter-json.so , size = 15.273 KB
[22:03:28.393][info] [#0:script/workspace/loading.lua:139]: Preload dll at: file:///home/oscar/.dotfiles/emacs/.config/emacs/tree-sitter/libtree-sitter-kotlin.so , size = 5301.102 KB
[22:03:28.425][info] [#0:script/workspace/loading.lua:139]: Preload dll at: file:///home/oscar/.dotfiles/emacs/.config/emacs/tree-sitter/libtree-sitter-julia.so , size = 5249.266 KB
[22:03:28.454][info] [#0:script/workspace/loading.lua:139]: Preload dll at: file:///home/oscar/.dotfiles/emacs/.config/emacs/tree-sitter/libtree-sitter-magik.so , size = 500.602 KB
[22:03:28.457][info] [#0:script/workspace/loading.lua:139]: Preload dll at: file:///home/oscar/.dotfiles/emacs/.config/emacs/tree-sitter/libtree-sitter-make.so , size = 180.469 KB
[22:03:28.458][info] [#0:script/workspace/loading.lua:139]: Preload dll at: file:///home/oscar/.dotfiles/emacs/.config/emacs/tree-sitter/libtree-sitter-nix.so , size = 104.008 KB
[22:03:28.460][info] [#0:script/workspace/loading.lua:139]: Preload dll at: file:///home/oscar/.dotfiles/emacs/.config/emacs/tree-sitter/libtree-sitter-org.so , size = 509.914 KB
[22:03:28.465][info] [#0:script/workspace/loading.lua:139]: Preload dll at: file:///home/oscar/.dotfiles/emacs/.config/emacs/tree-sitter/libtree-sitter-nu.so , size = 2056.688 KB
[22:03:28.479][info] [#0:script/workspace/loading.lua:139]: Preload dll at: file:///home/oscar/.dotfiles/emacs/.config/emacs/tree-sitter/libtree-sitter-perl.so , size = 2591.055 KB
[22:03:28.493][info] [#0:script/workspace/loading.lua:139]: Preload dll at: file:///home/oscar/.dotfiles/emacs/.config/emacs/tree-sitter/libtree-sitter-proto.so , size = 75.148 KB
[22:03:28.494][info] [#0:script/workspace/loading.lua:139]: Preload dll at: file:///home/oscar/.dotfiles/emacs/.config/emacs/tree-sitter/libtree-sitter-python.so , size = 481.312 KB
[22:03:28.497][info] [#0:script/workspace/loading.lua:139]: Preload dll at: file:///home/oscar/.dotfiles/emacs/.config/emacs/tree-sitter/libtree-sitter-r.so , size = 496.516 KB
[22:03:28.502][info] [#0:script/workspace/loading.lua:139]: Preload dll at: file:///home/oscar/.dotfiles/emacs/.config/emacs/tree-sitter/libtree-sitter-ruby.so , size = 2079.164 KB
[22:03:28.514][info] [#0:script/workspace/loading.lua:139]: Preload dll at: file:///home/oscar/.dotfiles/emacs/.config/emacs/tree-sitter/libtree-sitter-rust.so , size = 1125.891 KB
[22:03:28.521][info] [#0:script/workspace/loading.lua:139]: Preload dll at: file:///home/oscar/.dotfiles/emacs/.config/emacs/tree-sitter/libtree-sitter-scala.so , size = 3990.586 KB
[22:03:28.544][info] [#0:script/workspace/loading.lua:139]: Preload dll at: file:///home/oscar/.dotfiles/emacs/.config/emacs/tree-sitter/libtree-sitter-sql.so , size = 9065.594 KB
[22:03:28.592][info] [#0:script/workspace/loading.lua:139]: Preload dll at: file:///home/oscar/.dotfiles/emacs/.config/emacs/tree-sitter/libtree-sitter-surface.so , size = 43.195 KB
[22:03:28.592][info] [#0:script/workspace/loading.lua:139]: Preload dll at: file:///home/oscar/.dotfiles/emacs/.config/emacs/tree-sitter/libtree-sitter-toml.so , size = 43.703 KB
[22:03:28.594][info] [#0:script/workspace/loading.lua:139]: Preload dll at: file:///home/oscar/.dotfiles/emacs/.config/emacs/tree-sitter/libtree-sitter-typescript.so , size = 1421.414 KB
[22:03:28.604][info] [#0:script/workspace/loading.lua:139]: Preload dll at: file:///home/oscar/.dotfiles/emacs/.config/emacs/tree-sitter/libtree-sitter-tsx.so , size = 1449.406 KB
[22:03:28.614][info] [#0:script/workspace/loading.lua:139]: Preload dll at: file:///home/oscar/.dotfiles/emacs/.config/emacs/tree-sitter/libtree-sitter-typst.so , size = 770.797 KB
[22:03:28.624][info] [#0:script/workspace/loading.lua:139]: Preload dll at: file:///home/oscar/.dotfiles/emacs/.config/emacs/tree-sitter/libtree-sitter-vhdl.so , size = 2071.180 KB
[22:03:28.636][info] [#0:script/workspace/loading.lua:139]: Preload dll at: file:///home/oscar/.dotfiles/emacs/.config/emacs/tree-sitter/libtree-sitter-vue.so , size = 53.469 KB
[22:03:28.636][info] [#0:script/workspace/loading.lua:139]: Preload dll at: file:///home/oscar/.dotfiles/emacs/.config/emacs/tree-sitter/libtree-sitter-wast.so , size = 223.273 KB
[22:03:28.638][info] [#0:script/workspace/loading.lua:139]: Preload dll at: file:///home/oscar/.dotfiles/emacs/.config/emacs/tree-sitter/libtree-sitter-wat.so , size = 193.086 KB
[22:03:28.640][info] [#0:script/workspace/loading.lua:139]: Preload dll at: file:///home/oscar/.dotfiles/emacs/.config/emacs/tree-sitter/libtree-sitter-wgsl.so , size = 299.836 KB
[22:03:28.641][info] [#0:script/workspace/loading.lua:139]: Preload dll at: file:///home/oscar/.dotfiles/emacs/.config/emacs/tree-sitter/libtree-sitter-yaml.so , size = 210.141 KB
[22:03:28.666][info] [#0:script/workspace/loading.lua:139]: Preload dll at: file:///home/oscar/.dotfiles/emacs/.config/emacs/tree-sitter/libtree-sitter-hyprlang.so , size = 55.961 KB
[22:03:28.674][info] [#0:script/workspace/loading.lua:139]: Preload dll at: file:///home/oscar/.dotfiles/emacs/.config/emacs/tree-sitter/libtree-sitter-verilog.so , size = 18235.172 KB
[22:03:28.774][info] [#0:script/workspace/loading.lua:139]: Preload dll at: file:///home/oscar/.dotfiles/emacs/.config/emacs/tree-sitter/libtree-sitter-kdl.so , size = 85.516 KB
[22:03:28.778][info] [#0:script/workspace/loading.lua:88]: Skip loaded file: file:///home/oscar/.dotfiles/emacs/.config/emacs/mason/packages/lua-language-server/libexec/meta/Lua%205.4%20en-us%20utf8/basic.lua
[22:03:28.778][info] [#0:script/workspace/loading.lua:88]: Skip loaded file: file:///home/oscar/.dotfiles/emacs/.config/emacs/mason/packages/lua-language-server/libexec/meta/Lua%205.4%20en-us%20utf8/builtin.lua
[22:03:28.778][info] [#0:script/workspace/loading.lua:88]: Skip loaded file: file:///home/oscar/.dotfiles/emacs/.config/emacs/mason/packages/lua-language-server/libexec/meta/Lua%205.4%20en-us%20utf8/coroutine.lua
[22:03:28.778][info] [#0:script/workspace/loading.lua:88]: Skip loaded file: file:///home/oscar/.dotfiles/emacs/.config/emacs/mason/packages/lua-language-server/libexec/meta/Lua%205.4%20en-us%20utf8/debug.lua
[22:03:28.778][info] [#0:script/workspace/loading.lua:88]: Skip loaded file: file:///home/oscar/.dotfiles/emacs/.config/emacs/mason/packages/lua-language-server/libexec/meta/Lua%205.4%20en-us%20utf8/io.lua
[22:03:28.778][info] [#0:script/workspace/loading.lua:88]: Skip loaded file: file:///home/oscar/.dotfiles/emacs/.config/emacs/mason/packages/lua-language-server/libexec/meta/Lua%205.4%20en-us%20utf8/math.lua
[22:03:28.778][info] [#0:script/workspace/loading.lua:88]: Skip loaded file: file:///home/oscar/.dotfiles/emacs/.config/emacs/mason/packages/lua-language-server/libexec/meta/Lua%205.4%20en-us%20utf8/os.lua
[22:03:28.778][info] [#0:script/workspace/loading.lua:88]: Skip loaded file: file:///home/oscar/.dotfiles/emacs/.config/emacs/mason/packages/lua-language-server/libexec/meta/Lua%205.4%20en-us%20utf8/package.lua
[22:03:28.778][info] [#0:script/workspace/loading.lua:88]: Skip loaded file: file:///home/oscar/.dotfiles/emacs/.config/emacs/mason/packages/lua-language-server/libexec/meta/Lua%205.4%20en-us%20utf8/string.lua
[22:03:28.778][info] [#0:script/workspace/loading.lua:88]: Skip loaded file: file:///home/oscar/.dotfiles/emacs/.config/emacs/mason/packages/lua-language-server/libexec/meta/Lua%205.4%20en-us%20utf8/table.lua
[22:03:28.778][info] [#0:script/workspace/loading.lua:88]: Skip loaded file: file:///home/oscar/.dotfiles/emacs/.config/emacs/mason/packages/lua-language-server/libexec/meta/Lua%205.4%20en-us%20utf8/utf8.lua
[22:03:28.782][info] [#0:script/workspace/loading.lua:88]: Skip loaded file: file:///home/oscar/.dotfiles/elephant/.config/elephant/menus/wallpapers.lua
[22:03:28.885][info] [#0:script/workspace/loading.lua:139]: Preload dll at: file:///home/oscar/.dotfiles/emacs/.config/emacs/mason/packages/solargraph/extensions/x86_64-linux/3.4.0/prism-1.6.0/prism/prism.so , size = 1495.539 KB
[22:03:28.894][info] [#0:script/workspace/loading.lua:139]: Preload dll at: file:///home/oscar/.dotfiles/emacs/.config/emacs/mason/packages/jdtls/configuration/org.eclipse.equinox.launcher/org.eclipse.equinox.launcher.gtk.linux.x86_64_1.2.1500.v20250801-0854/eclipse_11916.so , size = 189.617 KB
[22:03:28.995][info] [#0:script/workspace/loading.lua:139]: Preload dll at: file:///home/oscar/.dotfiles/emacs/.config/emacs/mason/packages/solargraph/extensions/x86_64-linux/3.4.0/racc-1.8.1/racc/cparse.so , size = 55.484 KB
[22:03:28.996][info] [#0:script/workspace/loading.lua:139]: Preload dll at: file:///home/oscar/.dotfiles/emacs/.config/emacs/mason/packages/solargraph/extensions/x86_64-linux/3.4.0/json-2.17.1/json/ext/generator.so , size = 153.461 KB
[22:03:29.097][info] [#0:script/workspace/loading.lua:139]: Preload dll at: file:///home/oscar/.dotfiles/emacs/.config/emacs/mason/packages/solargraph/extensions/x86_64-linux/3.4.0/json-2.17.1/json/ext/parser.so , size = 108.578 KB
[22:03:29.098][info] [#0:script/workspace/loading.lua:139]: Preload dll at: file:///home/oscar/.dotfiles/emacs/.config/emacs/mason/packages/solargraph/extensions/x86_64-linux/3.4.0/rbs-4.0.0.dev.4/rbs_extension.so , size = 482.750 KB
[22:03:29.100][info] [#0:script/workspace/loading.lua:139]: Preload dll at: file:///home/oscar/.dotfiles/emacs/.config/emacs/mason/packages/solargraph/extensions/x86_64-linux/3.4.0/jaro_winkler-1.6.1/jaro_winkler/jaro_winkler_ext.so , size = 42.516 KB
[22:03:29.204][info] [#0:script/workspace/loading.lua:139]: Preload dll at: file:///home/oscar/.dotfiles/emacs/.config/emacs/mason/packages/solargraph/gems/nokogiri-1.18.10-x86_64-linux-gnu/lib/nokogiri/3.2/nokogiri.so , size = 2190.086 KB
[22:03:29.216][info] [#0:script/workspace/loading.lua:139]: Preload dll at: file:///home/oscar/.dotfiles/emacs/.config/emacs/mason/packages/solargraph/gems/nokogiri-1.18.10-x86_64-linux-gnu/lib/nokogiri/3.1/nokogiri.so , size = 2194.086 KB
[22:03:29.230][info] [#0:script/workspace/loading.lua:139]: Preload dll at: file:///home/oscar/.dotfiles/emacs/.config/emacs/mason/packages/solargraph/gems/nokogiri-1.18.10-x86_64-linux-gnu/lib/nokogiri/3.3/nokogiri.so , size = 2190.086 KB
[22:03:29.242][info] [#0:script/workspace/loading.lua:139]: Preload dll at: file:///home/oscar/.dotfiles/emacs/.config/emacs/mason/packages/solargraph/gems/nokogiri-1.18.10-x86_64-linux-gnu/lib/nokogiri/3.4/nokogiri.so , size = 2190.086 KB
[22:03:29.254][info] [#0:script/workspace/loading.lua:100]: Preload file at: file:///home/oscar/.dotfiles/emacs/.config/emacs/mason/packages/lua-language-server/libexec/bin/main.lua , size = 2.162 KB
[22:03:29.259][info] [#0:script/workspace/loading.lua:100]: Preload file at: file:///home/oscar/.dotfiles/emacs/.config/emacs/mason/packages/lua-language-server/libexec/debugger.lua , size = 1.768 KB
[22:03:29.260][info] [#0:script/workspace/loading.lua:100]: Preload file at: file:///home/oscar/.dotfiles/emacs/.config/emacs/mason/packages/lua-language-server/libexec/locale/en-us/meta.lua , size = 41.649 KB
[22:03:29.270][info] [#0:script/workspace/loading.lua:100]: Preload file at: file:///home/oscar/.dotfiles/emacs/.config/emacs/mason/packages/lua-language-server/libexec/locale/en-us/script.lua , size = 36.362 KB
[22:03:29.281][info] [#0:script/workspace/loading.lua:100]: Preload file at: file:///home/oscar/.dotfiles/emacs/.config/emacs/mason/packages/lua-language-server/libexec/locale/en-us/setting.lua , size = 25.059 KB
[22:03:29.286][info] [#0:script/workspace/loading.lua:100]: Preload file at: file:///home/oscar/.dotfiles/emacs/.config/emacs/mason/packages/lua-language-server/libexec/locale/es-419/meta.lua , size = 45.198 KB
[22:03:29.297][info] [#0:script/workspace/loading.lua:100]: Preload file at: file:///home/oscar/.dotfiles/emacs/.config/emacs/mason/packages/lua-language-server/libexec/locale/es-419/script.lua , size = 40.146 KB
[22:03:29.308][info] [#0:script/workspace/loading.lua:100]: Preload file at: file:///home/oscar/.dotfiles/emacs/.config/emacs/mason/packages/lua-language-server/libexec/locale/es-419/setting.lua , size = 28.366 KB
[22:03:29.314][info] [#0:script/workspace/loading.lua:100]: Preload file at: file:///home/oscar/.dotfiles/emacs/.config/emacs/mason/packages/lua-language-server/libexec/locale/ja-jp/meta.lua , size = 50.847 KB
[22:03:29.323][info] [#0:script/workspace/loading.lua:100]: Preload file at: file:///home/oscar/.dotfiles/emacs/.config/emacs/mason/packages/lua-language-server/libexec/locale/ja-jp/script.lua , size = 45.986 KB
[22:03:29.328][info] [#0:script/workspace/loading.lua:100]: Preload file at: file:///home/oscar/.dotfiles/emacs/.config/emacs/mason/packages/lua-language-server/libexec/locale/ja-jp/setting.lua , size = 29.026 KB
[22:03:29.340][info] [#0:script/workspace/loading.lua:100]: Preload file at: file:///home/oscar/.dotfiles/emacs/.config/emacs/mason/packages/lua-language-server/libexec/locale/pt-br/meta.lua , size = 44.202 KB
[22:03:29.352][info] [#0:script/workspace/loading.lua:100]: Preload file at: file:///home/oscar/.dotfiles/emacs/.config/emacs/mason/packages/lua-language-server/libexec/locale/pt-br/script.lua , size = 39.025 KB
[22:03:29.362][info] [#0:script/workspace/loading.lua:100]: Preload file at: file:///home/oscar/.dotfiles/emacs/.config/emacs/mason/packages/lua-language-server/libexec/locale/pt-br/setting.lua , size = 25.342 KB
[22:03:29.383][info] [#0:script/workspace/loading.lua:100]: Preload file at: file:///home/oscar/.dotfiles/emacs/.config/emacs/mason/packages/lua-language-server/libexec/locale/zh-cn/meta.lua , size = 39.279 KB
[22:03:29.394][info] [#0:script/workspace/loading.lua:100]: Preload file at: file:///home/oscar/.dotfiles/emacs/.config/emacs/mason/packages/lua-language-server/libexec/locale/zh-cn/script.lua , size = 35.570 KB
[22:03:29.400][info] [#0:script/workspace/loading.lua:100]: Preload file at: file:///home/oscar/.dotfiles/emacs/.config/emacs/mason/packages/lua-language-server/libexec/locale/zh-cn/setting.lua , size = 21.720 KB
[22:03:29.405][info] [#0:script/workspace/loading.lua:100]: Preload file at: file:///home/oscar/.dotfiles/emacs/.config/emacs/mason/packages/lua-language-server/libexec/locale/zh-tw/meta.lua , size = 39.572 KB
[22:03:29.410][info] [#0:script/workspace/loading.lua:100]: Preload file at: file:///home/oscar/.dotfiles/emacs/.config/emacs/mason/packages/lua-language-server/libexec/locale/zh-tw/script.lua , size = 35.746 KB
[22:03:29.417][info] [#0:script/workspace/loading.lua:100]: Preload file at: file:///home/oscar/.dotfiles/emacs/.config/emacs/mason/packages/lua-language-server/libexec/locale/zh-tw/setting.lua , size = 21.858 KB
[22:03:29.441][info] [#0:script/workspace/loading.lua:100]: Preload file at: file:///home/oscar/.dotfiles/emacs/.config/emacs/mason/packages/lua-language-server/libexec/main.lua , size = 2.193 KB
[22:03:29.445][info] [#0:script/workspace/loading.lua:100]: Preload file at: file:///home/oscar/.dotfiles/emacs/.config/emacs/mason/packages/lua-language-server/libexec/meta/3rd/Cocos4.0/library/cc/Action.lua , size = 2.990 KB
[22:03:29.447][info] [#0:script/workspace/loading.lua:100]: Preload file at: file:///home/oscar/.dotfiles/emacs/.config/emacs/mason/packages/lua-language-server/libexec/meta/3rd/Cocos4.0/library/cc/ActionCamera.lua , size = 0.957 KB
[22:03:29.448][info] [#0:script/workspace/loading.lua:100]: Preload file at: file:///home/oscar/.dotfiles/emacs/.config/emacs/mason/packages/lua-language-server/libexec/meta/3rd/Cocos4.0/library/cc/ActionEase.lua , size = 0.699 KB
[22:03:29.448][info] [#0:script/workspace/loading.lua:100]: Preload file at: file:///home/oscar/.dotfiles/emacs/.config/emacs/mason/packages/lua-language-server/libexec/meta/3rd/Cocos4.0/library/cc/ActionFloat.lua , size = 1.166 KB
[22:03:29.449][info] [#0:script/workspace/loading.lua:100]: Preload file at: file:///home/oscar/.dotfiles/emacs/.config/emacs/mason/packages/lua-language-server/libexec/meta/3rd/Cocos4.0/library/cc/ActionInstant.lua , size = 0.576 KB
[22:03:29.449][info] [#0:script/workspace/loading.lua:100]: Preload file at: file:///home/oscar/.dotfiles/emacs/.config/emacs/mason/packages/lua-language-server/libexec/meta/3rd/Cocos4.0/library/cc/ActionInterval.lua , size = 1.119 KB
[22:03:29.450][info] [#0:script/workspace/loading.lua:100]: Preload file at: file:///home/oscar/.dotfiles/emacs/.config/emacs/mason/packages/lua-language-server/libexec/meta/3rd/Cocos4.0/library/cc/ActionManager.lua , size = 5.086 KB
[22:03:29.451][info] [#0:script/workspace/loading.lua:100]: Preload file at: file:///home/oscar/.dotfiles/emacs/.config/emacs/mason/packages/lua-language-server/libexec/meta/3rd/Cocos4.0/library/cc/ActionTween.lua , size = 1.664 KB
[22:03:29.452][info] [#0:script/workspace/loading.lua:100]: Preload file at: file:///home/oscar/.dotfiles/emacs/.config/emacs/mason/packages/lua-language-server/libexec/meta/3rd/Cocos4.0/library/cc/AmbientLight.lua , size = 0.414 KB
[22:03:29.453][info] [#0:script/workspace/loading.lua:100]: Preload file at: file:///home/oscar/.dotfiles/emacs/.config/emacs/mason/packages/lua-language-server/libexec/meta/3rd/Cocos4.0/library/cc/Animate.lua , size = 1.420 KB
[22:03:29.453][info] [#0:script/workspace/loading.lua:100]: Preload file at: file:///home/oscar/.dotfiles/emacs/.config/emacs/mason/packages/lua-language-server/libexec/meta/3rd/Cocos4.0/library/cc/Animate3D.lua , size = 2.961 KB
[22:03:29.455][info] [#0:script/workspace/loading.lua:100]: Preload file at: file:///home/oscar/.dotfiles/emacs/.config/emacs/mason/packages/lua-language-server/libexec/meta/3rd/Cocos4.0/library/cc/Animation.lua , size = 4.433 KB
[22:03:29.456][info] [#0:script/workspace/loading.lua:100]: Preload file at: file:///home/oscar/.dotfiles/emacs/.config/emacs/mason/packages/lua-language-server/libexec/meta/3rd/Cocos4.0/library/cc/Animation3D.lua , size = 0.772 KB
[22:03:29.557][info] [#0:script/workspace/loading.lua:100]: Preload file at: file:///home/oscar/.dotfiles/emacs/.config/emacs/mason/packages/lua-language-server/libexec/meta/3rd/Cocos4.0/library/cc/AnimationCache.lua , size = 2.083 KB
[22:03:29.559][info] [#0:script/workspace/loading.lua:100]: Preload file at: file:///home/oscar/.dotfiles/emacs/.config/emacs/mason/packages/lua-language-server/libexec/meta/3rd/Cocos4.0/library/cc/AnimationFrame.lua , size = 1.945 KB
[22:03:29.560][info] [#0:script/workspace/loading.lua:100]: Preload file at: file:///home/oscar/.dotfiles/emacs/.config/emacs/mason/packages/lua-language-server/libexec/meta/3rd/Cocos4.0/library/cc/Application.lua , size = 1.189 KB
[22:03:29.561][info] [#0:script/workspace/loading.lua:100]: Preload file at: file:///home/oscar/.dotfiles/emacs/.config/emacs/mason/packages/lua-language-server/libexec/meta/3rd/Cocos4.0/library/cc/AssetsManager.lua , size = 1.511 KB
[22:03:29.662][info] [#0:script/workspace/loading.lua:100]: Preload file at: file:///home/oscar/.dotfiles/emacs/.config/emacs/mason/packages/lua-language-server/libexec/meta/3rd/Cocos4.0/library/cc/AssetsManagerEx.lua , size = 2.475 KB
[22:03:29.664][info] [#0:script/workspace/loading.lua:100]: Preload file at: file:///home/oscar/.dotfiles/emacs/.config/emacs/mason/packages/lua-language-server/libexec/meta/3rd/Cocos4.0/library/cc/AsyncTaskPool.lua , size = 0.808 KB
[22:03:29.765][info] [#0:script/workspace/loading.lua:100]: Preload file at: file:///home/oscar/.dotfiles/emacs/.config/emacs/mason/packages/lua-language-server/libexec/meta/3rd/Cocos4.0/library/cc/AtlasNode.lua , size = 3.055 KB
[22:03:29.767][info] [#0:script/workspace/loading.lua:100]: Preload file at: file:///home/oscar/.dotfiles/emacs/.config/emacs/mason/packages/lua-language-server/libexec/meta/3rd/Cocos4.0/library/cc/AttachNode.lua , size = 0.812 KB
[22:03:29.869][info] [#0:script/workspace/loading.lua:100]: Preload file at: file:///home/oscar/.dotfiles/emacs/.config/emacs/mason/packages/lua-language-server/libexec/meta/3rd/Cocos4.0/library/cc/AudioEngine.lua , size = 5.667 KB
[22:03:29.871][info] [#0:script/workspace/loading.lua:100]: Preload file at: file:///home/oscar/.dotfiles/emacs/.config/emacs/mason/packages/lua-language-server/libexec/meta/3rd/Cocos4.0/library/cc/AudioProfile.lua , size = 0.187 KB
[22:03:29.972][info] [#0:script/workspace/loading.lua:100]: Preload file at: file:///home/oscar/.dotfiles/emacs/.config/emacs/mason/packages/lua-language-server/libexec/meta/3rd/Cocos4.0/library/cc/AutoPolygon.lua , size = 0.413 KB
[22:03:29.973][info] [#0:script/workspace/loading.lua:100]: Preload file at: file:///home/oscar/.dotfiles/emacs/.config/emacs/mason/packages/lua-language-server/libexec/meta/3rd/Cocos4.0/library/cc/BaseLight.lua , size = 0.796 KB
[22:03:29.974][info] [#0:script/workspace/loading.lua:100]: Preload file at: file:///home/oscar/.dotfiles/emacs/.config/emacs/mason/packages/lua-language-server/libexec/meta/3rd/Cocos4.0/library/cc/BezierBy.lua , size = 0.642 KB
[22:03:29.974][info] [#0:script/workspace/loading.lua:100]: Preload file at: file:///home/oscar/.dotfiles/emacs/.config/emacs/mason/packages/lua-language-server/libexec/meta/3rd/Cocos4.0/library/cc/BezierTo.lua , size = 0.466 KB
[22:03:29.975][info] [#0:script/workspace/loading.lua:100]: Preload file at: file:///home/oscar/.dotfiles/emacs/.config/emacs/mason/packages/lua-language-server/libexec/meta/3rd/Cocos4.0/library/cc/BillBoard.lua , size = 1.239 KB
[22:03:29.976][info] [#0:script/workspace/loading.lua:100]: Preload file at: file:///home/oscar/.dotfiles/emacs/.config/emacs/mason/packages/lua-language-server/libexec/meta/3rd/Cocos4.0/library/cc/Blink.lua , size = 0.887 KB
[22:03:29.976][info] [#0:script/workspace/loading.lua:100]: Preload file at: file:///home/oscar/.dotfiles/emacs/.config/emacs/mason/packages/lua-language-server/libexec/meta/3rd/Cocos4.0/library/cc/Bundle3D.lua , size = 1.631 KB
[22:03:29.977][info] [#0:script/workspace/loading.lua:100]: Preload file at: file:///home/oscar/.dotfiles/emacs/.config/emacs/mason/packages/lua-language-server/libexec/meta/3rd/Cocos4.0/library/cc/CSLoader.lua , size = 1.554 KB
[22:03:29.979][info] [#0:script/workspace/loading.lua:100]: Preload file at: file:///home/oscar/.dotfiles/emacs/.config/emacs/mason/packages/lua-language-server/libexec/meta/3rd/Cocos4.0/library/cc/CallFunc.lua , size = 0.419 KB
[22:03:30.080][info] [#0:script/workspace/loading.lua:100]: Preload file at: file:///home/oscar/.dotfiles/emacs/.config/emacs/mason/packages/lua-language-server/libexec/meta/3rd/Cocos4.0/library/cc/CameraBackgroundBrush.lua , size = 2.170 KB
[22:03:30.082][info] [#0:script/workspace/loading.lua:100]: Preload file at: file:///home/oscar/.dotfiles/emacs/.config/emacs/mason/packages/lua-language-server/libexec/meta/3rd/Cocos4.0/library/cc/Camera.lua , size = 5.797 KB
[22:03:30.084][info] [#0:script/workspace/loading.lua:100]: Preload file at: file:///home/oscar/.dotfiles/emacs/.config/emacs/mason/packages/lua-language-server/libexec/meta/3rd/Cocos4.0/library/cc/CameraBackgroundColorBrush.lua , size = 1.068 KB
[22:03:30.085][info] [#0:script/workspace/loading.lua:100]: Preload file at: file:///home/oscar/.dotfiles/emacs/.config/emacs/mason/packages/lua-language-server/libexec/meta/3rd/Cocos4.0/library/cc/CameraBackgroundDepthBrush.lua , size = 0.953 KB
[22:03:30.086][info] [#0:script/workspace/loading.lua:100]: Preload file at: file:///home/oscar/.dotfiles/emacs/.config/emacs/mason/packages/lua-language-server/libexec/meta/3rd/Cocos4.0/library/cc/CameraBackgroundSkyBoxBrush.lua , size = 1.569 KB
[22:03:30.087][info] [#0:script/workspace/loading.lua:100]: Preload file at: file:///home/oscar/.dotfiles/emacs/.config/emacs/mason/packages/lua-language-server/libexec/meta/3rd/Cocos4.0/library/cc/CardinalSplineBy.lua , size = 0.509 KB
[22:03:30.087][info] [#0:script/workspace/loading.lua:100]: Preload file at: file:///home/oscar/.dotfiles/emacs/.config/emacs/mason/packages/lua-language-server/libexec/meta/3rd/Cocos4.0/library/cc/CardinalSplineTo.lua , size = 1.215 KB
[22:03:30.088][info] [#0:script/workspace/loading.lua:100]: Preload file at: file:///home/oscar/.dotfiles/emacs/.config/emacs/mason/packages/lua-language-server/libexec/meta/3rd/Cocos4.0/library/cc/CatmullRomBy.lua , size = 0.472 KB
[22:03:30.088][info] [#0:script/workspace/loading.lua:100]: Preload file at: file:///home/oscar/.dotfiles/emacs/.config/emacs/mason/packages/lua-language-server/libexec/meta/3rd/Cocos4.0/library/cc/CatmullRomTo.lua , size = 0.471 KB
[22:03:30.189][info] [#0:script/workspace/loading.lua:100]: Preload file at: file:///home/oscar/.dotfiles/emacs/.config/emacs/mason/packages/lua-language-server/libexec/meta/3rd/Cocos4.0/library/cc/ClippingRectangleNode.lua , size = 1.300 KB
[22:03:30.191][info] [#0:script/workspace/loading.lua:100]: Preload file at: file:///home/oscar/.dotfiles/emacs/.config/emacs/mason/packages/lua-language-server/libexec/meta/3rd/Cocos4.0/library/cc/ClippingNode.lua , size = 3.037 KB
[22:03:30.192][info] [#0:script/workspace/loading.lua:100]: Preload file at: file:///home/oscar/.dotfiles/emacs/.config/emacs/mason/packages/lua-language-server/libexec/meta/3rd/Cocos4.0/library/cc/Component.lua , size = 0.790 KB
[22:03:30.193][info] [#0:script/workspace/loading.lua:100]: Preload file at: file:///home/oscar/.dotfiles/emacs/.config/emacs/mason/packages/lua-language-server/libexec/meta/3rd/Cocos4.0/library/cc/ComponentLua.lua , size = 0.553 KB
[22:03:30.194][info] [#0:script/workspace/loading.lua:100]: Preload file at: file:///home/oscar/.dotfiles/emacs/.config/emacs/mason/packages/lua-language-server/libexec/meta/3rd/Cocos4.0/library/cc/Console.lua , size = 0.992 KB
[22:03:30.301][info] [#0:script/workspace/loading.lua:100]: Preload file at: file:///home/oscar/.dotfiles/emacs/.config/emacs/mason/packages/lua-language-server/libexec/meta/3rd/Cocos4.0/library/cc/ControlButton.lua , size = 8.543 KB
[22:03:30.305][info] [#0:script/workspace/loading.lua:100]: Preload file at: file:///home/oscar/.dotfiles/emacs/.config/emacs/mason/packages/lua-language-server/libexec/meta/3rd/Cocos4.0/library/cc/Control.lua , size = 2.701 KB
[22:03:30.307][info] [#0:script/workspace/loading.lua:100]: Preload file at: file:///home/oscar/.dotfiles/emacs/.config/emacs/mason/packages/lua-language-server/libexec/meta/3rd/Cocos4.0/library/cc/ControlColourPicker.lua , size = 1.431 KB
[22:03:30.308][info] [#0:script/workspace/loading.lua:100]: Preload file at: file:///home/oscar/.dotfiles/emacs/.config/emacs/mason/packages/lua-language-server/libexec/meta/3rd/Cocos4.0/library/cc/ControlHuePicker.lua , size = 1.486 KB
[22:03:30.410][info] [#0:script/workspace/loading.lua:100]: Preload file at: file:///home/oscar/.dotfiles/emacs/.config/emacs/mason/packages/lua-language-server/libexec/meta/3rd/Cocos4.0/library/cc/ControlPotentiometer.lua , size = 3.533 KB
[22:03:30.412][info] [#0:script/workspace/loading.lua:100]: Preload file at: file:///home/oscar/.dotfiles/emacs/.config/emacs/mason/packages/lua-language-server/libexec/meta/3rd/Cocos4.0/library/cc/ControlSaturationBrightnessPicker.lua , size = 1.279 KB
[22:03:30.514][info] [#0:script/workspace/loading.lua:100]: Preload file at: file:///home/oscar/.dotfiles/emacs/.config/emacs/mason/packages/lua-language-server/libexec/meta/3rd/Cocos4.0/library/cc/ControlSlider.lua , size = 3.020 KB
[22:03:30.517][info] [#0:script/workspace/loading.lua:100]: Preload file at: file:///home/oscar/.dotfiles/emacs/.config/emacs/mason/packages/lua-language-server/libexec/meta/3rd/Cocos4.0/library/cc/ControlStepper.lua , size = 2.812 KB
[22:03:30.621][info] [#0:script/workspace/loading.lua:100]: Preload file at: file:///home/oscar/.dotfiles/emacs/.config/emacs/mason/packages/lua-language-server/libexec/meta/3rd/Cocos4.0/library/cc/ControlSwitch.lua , size = 2.275 KB
[22:03:30.623][info] [#0:script/workspace/loading.lua:100]: Preload file at: file:///home/oscar/.dotfiles/emacs/.config/emacs/mason/packages/lua-language-server/libexec/meta/3rd/Cocos4.0/library/cc/Controller.lua , size = 2.073 KB
[22:03:30.624][info] [#0:script/workspace/loading.lua:100]: Preload file at: file:///home/oscar/.dotfiles/emacs/.config/emacs/mason/packages/lua-language-server/libexec/meta/3rd/Cocos4.0/library/cc/DelayTime.lua , size = 0.535 KB
[22:03:30.624][info] [#0:script/workspace/loading.lua:100]: Preload file at: file:///home/oscar/.dotfiles/emacs/.config/emacs/mason/packages/lua-language-server/libexec/meta/3rd/Cocos4.0/library/cc/Device.lua , size = 1.037 KB
[22:03:30.625][info] [#0:script/workspace/loading.lua:100]: Preload file at: file:///home/oscar/.dotfiles/emacs/.config/emacs/mason/packages/lua-language-server/libexec/meta/3rd/Cocos4.0/library/cc/DirectionLight.lua , size = 0.886 KB
[22:03:30.727][info] [#0:script/workspace/loading.lua:100]: Preload file at: file:///home/oscar/.dotfiles/emacs/.config/emacs/mason/packages/lua-language-server/libexec/meta/3rd/Cocos4.0/library/cc/DrawNode.lua , size = 6.633 KB
[22:03:30.731][info] [#0:script/workspace/loading.lua:100]: Preload file at: file:///home/oscar/.dotfiles/emacs/.config/emacs/mason/packages/lua-language-server/libexec/meta/3rd/Cocos4.0/library/cc/Director.lua , size = 11.481 KB
[22:03:30.735][info] [#0:script/workspace/loading.lua:100]: Preload file at: file:///home/oscar/.dotfiles/emacs/.config/emacs/mason/packages/lua-language-server/libexec/meta/3rd/Cocos4.0/library/cc/EaseBackIn.lua , size = 0.438 KB
[22:03:30.736][info] [#0:script/workspace/loading.lua:100]: Preload file at: file:///home/oscar/.dotfiles/emacs/.config/emacs/mason/packages/lua-language-server/libexec/meta/3rd/Cocos4.0/library/cc/EaseBackInOut.lua , size = 0.467 KB
[22:03:30.736][info] [#0:script/workspace/loading.lua:100]: Preload file at: file:///home/oscar/.dotfiles/emacs/.config/emacs/mason/packages/lua-language-server/libexec/meta/3rd/Cocos4.0/library/cc/EaseBackOut.lua , size = 0.447 KB
[22:03:30.737][info] [#0:script/workspace/loading.lua:100]: Preload file at: file:///home/oscar/.dotfiles/emacs/.config/emacs/mason/packages/lua-language-server/libexec/meta/3rd/Cocos4.0/library/cc/EaseBezierAction.lua , size = 0.859 KB
[22:03:30.738][info] [#0:script/workspace/loading.lua:100]: Preload file at: file:///home/oscar/.dotfiles/emacs/.config/emacs/mason/packages/lua-language-server/libexec/meta/3rd/Cocos4.0/library/cc/EaseBounce.lua , size = 0.096 KB
[22:03:30.738][info] [#0:script/workspace/loading.lua:100]: Preload file at: file:///home/oscar/.dotfiles/emacs/.config/emacs/mason/packages/lua-language-server/libexec/meta/3rd/Cocos4.0/library/cc/EaseBounceIn.lua , size = 0.457 KB
[22:03:30.739][info] [#0:script/workspace/loading.lua:100]: Preload file at: file:///home/oscar/.dotfiles/emacs/.config/emacs/mason/packages/lua-language-server/libexec/meta/3rd/Cocos4.0/library/cc/EaseBounceInOut.lua , size = 0.486 KB
[22:03:30.739][info] [#0:script/workspace/loading.lua:100]: Preload file at: file:///home/oscar/.dotfiles/emacs/.config/emacs/mason/packages/lua-language-server/libexec/meta/3rd/Cocos4.0/library/cc/EaseBounceOut.lua , size = 0.467 KB
[22:03:30.740][info] [#0:script/workspace/loading.lua:100]: Preload file at: file:///home/oscar/.dotfiles/emacs/.config/emacs/mason/packages/lua-language-server/libexec/meta/3rd/Cocos4.0/library/cc/EaseCircleActionIn.lua , size = 0.516 KB
[22:03:30.740][info] [#0:script/workspace/loading.lua:100]: Preload file at: file:///home/oscar/.dotfiles/emacs/.config/emacs/mason/packages/lua-language-server/libexec/meta/3rd/Cocos4.0/library/cc/EaseCircleActionInOut.lua , size = 0.545 KB
[22:03:30.741][info] [#0:script/workspace/loading.lua:100]: Preload file at: file:///home/oscar/.dotfiles/emacs/.config/emacs/mason/packages/lua-language-server/libexec/meta/3rd/Cocos4.0/library/cc/EaseCircleActionOut.lua , size = 0.525 KB
[22:03:30.742][info] [#0:script/workspace/loading.lua:100]: Preload file at: file:///home/oscar/.dotfiles/emacs/.config/emacs/mason/packages/lua-language-server/libexec/meta/3rd/Cocos4.0/library/cc/EaseCubicActionIn.lua , size = 0.506 KB
[22:03:30.742][info] [#0:script/workspace/loading.lua:100]: Preload file at: file:///home/oscar/.dotfiles/emacs/.config/emacs/mason/packages/lua-language-server/libexec/meta/3rd/Cocos4.0/library/cc/EaseCubicActionInOut.lua , size = 0.535 KB
[22:03:30.743][info] [#0:script/workspace/loading.lua:100]: Preload file at: file:///home/oscar/.dotfiles/emacs/.config/emacs/mason/packages/lua-language-server/libexec/meta/3rd/Cocos4.0/library/cc/EaseCubicActionOut.lua , size = 0.516 KB
[22:03:30.743][info] [#0:script/workspace/loading.lua:100]: Preload file at: file:///home/oscar/.dotfiles/emacs/.config/emacs/mason/packages/lua-language-server/libexec/meta/3rd/Cocos4.0/library/cc/EaseElastic.lua , size = 0.863 KB
[22:03:30.744][info] [#0:script/workspace/loading.lua:100]: Preload file at: file:///home/oscar/.dotfiles/emacs/.config/emacs/mason/packages/lua-language-server/libexec/meta/3rd/Cocos4.0/library/cc/EaseElasticIn.lua , size = 0.495 KB
[22:03:30.744][info] [#0:script/workspace/loading.lua:100]: Preload file at: file:///home/oscar/.dotfiles/emacs/.config/emacs/mason/packages/lua-language-server/libexec/meta/3rd/Cocos4.0/library/cc/EaseElasticInOut.lua , size = 0.524 KB
[22:03:30.745][info] [#0:script/workspace/loading.lua:100]: Preload file at: file:///home/oscar/.dotfiles/emacs/.config/emacs/mason/packages/lua-language-server/libexec/meta/3rd/Cocos4.0/library/cc/EaseElasticOut.lua , size = 0.505 KB
[22:03:30.745][info] [#0:script/workspace/loading.lua:100]: Preload file at: file:///home/oscar/.dotfiles/emacs/.config/emacs/mason/packages/lua-language-server/libexec/meta/3rd/Cocos4.0/library/cc/EaseExponentialIn.lua , size = 0.506 KB
[22:03:30.746][info] [#0:script/workspace/loading.lua:100]: Preload file at: file:///home/oscar/.dotfiles/emacs/.config/emacs/mason/packages/lua-language-server/libexec/meta/3rd/Cocos4.0/library/cc/EaseExponentialInOut.lua , size = 0.535 KB
[22:03:30.747][info] [#0:script/workspace/loading.lua:100]: Preload file at: file:///home/oscar/.dotfiles/emacs/.config/emacs/mason/packages/lua-language-server/libexec/meta/3rd/Cocos4.0/library/cc/EaseExponentialOut.lua , size = 0.516 KB
[22:03:30.747][info] [#0:script/workspace/loading.lua:100]: Preload file at: file:///home/oscar/.dotfiles/emacs/.config/emacs/mason/packages/lua-language-server/libexec/meta/3rd/Cocos4.0/library/cc/EaseIn.lua , size = 0.433 KB
[22:03:30.748][info] [#0:script/workspace/loading.lua:100]: Preload file at: file:///home/oscar/.dotfiles/emacs/.config/emacs/mason/packages/lua-language-server/libexec/meta/3rd/Cocos4.0/library/cc/EaseInOut.lua , size = 0.462 KB
[22:03:30.748][info] [#0:script/workspace/loading.lua:100]: Preload file at: file:///home/oscar/.dotfiles/emacs/.config/emacs/mason/packages/lua-language-server/libexec/meta/3rd/Cocos4.0/library/cc/EaseOut.lua , size = 0.442 KB
[22:03:30.749][info] [#0:script/workspace/loading.lua:100]: Preload file at: file:///home/oscar/.dotfiles/emacs/.config/emacs/mason/packages/lua-language-server/libexec/meta/3rd/Cocos4.0/library/cc/EaseQuadraticActionIn.lua , size = 0.545 KB
[22:03:30.749][info] [#0:script/workspace/loading.lua:100]: Preload file at: file:///home/oscar/.dotfiles/emacs/.config/emacs/mason/packages/lua-language-server/libexec/meta/3rd/Cocos4.0/library/cc/EaseQuadraticActionInOut.lua , size = 0.574 KB
[22:03:30.750][info] [#0:script/workspace/loading.lua:100]: Preload file at: file:///home/oscar/.dotfiles/emacs/.config/emacs/mason/packages/lua-language-server/libexec/meta/3rd/Cocos4.0/library/cc/EaseQuadraticActionOut.lua , size = 0.555 KB
[22:03:30.750][info] [#0:script/workspace/loading.lua:100]: Preload file at: file:///home/oscar/.dotfiles/emacs/.config/emacs/mason/packages/lua-language-server/libexec/meta/3rd/Cocos4.0/library/cc/EaseQuarticActionIn.lua , size = 0.525 KB
[22:03:30.751][info] [#0:script/workspace/loading.lua:100]: Preload file at: file:///home/oscar/.dotfiles/emacs/.config/emacs/mason/packages/lua-language-server/libexec/meta/3rd/Cocos4.0/library/cc/EaseQuarticActionInOut.lua , size = 0.555 KB
[22:03:30.751][info] [#0:script/workspace/loading.lua:100]: Preload file at: file:///home/oscar/.dotfiles/emacs/.config/emacs/mason/packages/lua-language-server/libexec/meta/3rd/Cocos4.0/library/cc/EaseQuarticActionOut.lua , size = 0.535 KB
[22:03:30.752][info] [#0:script/workspace/loading.lua:100]: Preload file at: file:///home/oscar/.dotfiles/emacs/.config/emacs/mason/packages/lua-language-server/libexec/meta/3rd/Cocos4.0/library/cc/EaseQuinticActionIn.lua , size = 0.525 KB
[22:03:30.753][info] [#0:script/workspace/loading.lua:100]: Preload file at: file:///home/oscar/.dotfiles/emacs/.config/emacs/mason/packages/lua-language-server/libexec/meta/3rd/Cocos4.0/library/cc/EaseQuinticActionInOut.lua , size = 0.555 KB
[22:03:30.753][info] [#0:script/workspace/loading.lua:100]: Preload file at: file:///home/oscar/.dotfiles/emacs/.config/emacs/mason/packages/lua-language-server/libexec/meta/3rd/Cocos4.0/library/cc/EaseQuinticActionOut.lua , size = 0.535 KB
[22:03:30.754][info] [#0:script/workspace/loading.lua:100]: Preload file at: file:///home/oscar/.dotfiles/emacs/.config/emacs/mason/packages/lua-language-server/libexec/meta/3rd/Cocos4.0/library/cc/EaseRateAction.lua , size = 0.979 KB
[22:03:30.754][info] [#0:script/workspace/loading.lua:100]: Preload file at: file:///home/oscar/.dotfiles/emacs/.config/emacs/mason/packages/lua-language-server/libexec/meta/3rd/Cocos4.0/library/cc/EaseSineIn.lua , size = 0.438 KB
[22:03:30.755][info] [#0:script/workspace/loading.lua:100]: Preload file at: file:///home/oscar/.dotfiles/emacs/.config/emacs/mason/packages/lua-language-server/libexec/meta/3rd/Cocos4.0/library/cc/EaseSineInOut.lua , size = 0.467 KB
[22:03:30.755][info] [#0:script/workspace/loading.lua:100]: Preload file at: file:///home/oscar/.dotfiles/emacs/.config/emacs/mason/packages/lua-language-server/libexec/meta/3rd/Cocos4.0/library/cc/EaseSineOut.lua , size = 0.447 KB
[22:03:30.756][info] [#0:script/workspace/loading.lua:100]: Preload file at: file:///home/oscar/.dotfiles/emacs/.config/emacs/mason/packages/lua-language-server/libexec/meta/3rd/Cocos4.0/library/cc/Event.lua , size = 0.802 KB
[22:03:30.756][info] [#0:script/workspace/loading.lua:100]: Preload file at: file:///home/oscar/.dotfiles/emacs/.config/emacs/mason/packages/lua-language-server/libexec/meta/3rd/Cocos4.0/library/cc/EventAcceleration.lua , size = 0.118 KB
[22:03:30.756][info] [#0:script/workspace/loading.lua:100]: Preload file at: file:///home/oscar/.dotfiles/emacs/.config/emacs/mason/packages/lua-language-server/libexec/meta/3rd/Cocos4.0/library/cc/EventAssetsManagerEx.lua , size = 1.123 KB
[22:03:30.757][info] [#0:script/workspace/loading.lua:100]: Preload file at: file:///home/oscar/.dotfiles/emacs/.config/emacs/mason/packages/lua-language-server/libexec/meta/3rd/Cocos4.0/library/cc/EventController.lua , size = 1.176 KB
[22:03:30.758][info] [#0:script/workspace/loading.lua:100]: Preload file at: file:///home/oscar/.dotfiles/emacs/.config/emacs/mason/packages/lua-language-server/libexec/meta/3rd/Cocos4.0/library/cc/EventCustom.lua , size = 0.395 KB
[22:03:30.860][info] [#0:script/workspace/loading.lua:100]: Preload file at: file:///home/oscar/.dotfiles/emacs/.config/emacs/mason/packages/lua-language-server/libexec/meta/3rd/Cocos4.0/library/cc/EventDispatcher.lua , size = 5.170 KB
[22:03:30.862][info] [#0:script/workspace/loading.lua:100]: Preload file at: file:///home/oscar/.dotfiles/emacs/.config/emacs/mason/packages/lua-language-server/libexec/meta/3rd/Cocos4.0/library/cc/EventFocus.lua , size = 0.397 KB
[22:03:30.862][info] [#0:script/workspace/loading.lua:100]: Preload file at: file:///home/oscar/.dotfiles/emacs/.config/emacs/mason/packages/lua-language-server/libexec/meta/3rd/Cocos4.0/library/cc/EventKeyboard.lua , size = 0.354 KB
[22:03:30.863][info] [#0:script/workspace/loading.lua:100]: Preload file at: file:///home/oscar/.dotfiles/emacs/.config/emacs/mason/packages/lua-language-server/libexec/meta/3rd/Cocos4.0/library/cc/EventListener.lua , size = 1.010 KB
[22:03:30.863][info] [#0:script/workspace/loading.lua:100]: Preload file at: file:///home/oscar/.dotfiles/emacs/.config/emacs/mason/packages/lua-language-server/libexec/meta/3rd/Cocos4.0/library/cc/EventListenerAcceleration.lua , size = 0.504 KB
[22:03:30.864][info] [#0:script/workspace/loading.lua:100]: Preload file at: file:///home/oscar/.dotfiles/emacs/.config/emacs/mason/packages/lua-language-server/libexec/meta/3rd/Cocos4.0/library/cc/EventListenerAssetsManagerEx.lua , size = 0.659 KB
[22:03:30.864][info] [#0:script/workspace/loading.lua:100]: Preload file at: file:///home/oscar/.dotfiles/emacs/.config/emacs/mason/packages/lua-language-server/libexec/meta/3rd/Cocos4.0/library/cc/EventListenerController.lua , size = 0.467 KB
[22:03:30.865][info] [#0:script/workspace/loading.lua:100]: Preload file at: file:///home/oscar/.dotfiles/emacs/.config/emacs/mason/packages/lua-language-server/libexec/meta/3rd/Cocos4.0/library/cc/EventListenerCustom.lua , size = 0.366 KB
[22:03:30.865][info] [#0:script/workspace/loading.lua:100]: Preload file at: file:///home/oscar/.dotfiles/emacs/.config/emacs/mason/packages/lua-language-server/libexec/meta/3rd/Cocos4.0/library/cc/EventListenerFocus.lua , size = 0.407 KB
[22:03:30.865][info] [#0:script/workspace/loading.lua:100]: Preload file at: file:///home/oscar/.dotfiles/emacs/.config/emacs/mason/packages/lua-language-server/libexec/meta/3rd/Cocos4.0/library/cc/EventListenerKeyboard.lua , size = 0.434 KB
[22:03:30.866][info] [#0:script/workspace/loading.lua:100]: Preload file at: file:///home/oscar/.dotfiles/emacs/.config/emacs/mason/packages/lua-language-server/libexec/meta/3rd/Cocos4.0/library/cc/EventListenerMouse.lua , size = 0.407 KB
[22:03:30.866][info] [#0:script/workspace/loading.lua:100]: Preload file at: file:///home/oscar/.dotfiles/emacs/.config/emacs/mason/packages/lua-language-server/libexec/meta/3rd/Cocos4.0/library/cc/EventListenerPhysicsContact.lua , size = 0.577 KB
[22:03:30.867][info] [#0:script/workspace/loading.lua:100]: Preload file at: file:///home/oscar/.dotfiles/emacs/.config/emacs/mason/packages/lua-language-server/libexec/meta/3rd/Cocos4.0/library/cc/EventListenerPhysicsContactWithBodies.lua , size = 0.631 KB
[22:03:30.867][info] [#0:script/workspace/loading.lua:100]: Preload file at: file:///home/oscar/.dotfiles/emacs/.config/emacs/mason/packages/lua-language-server/libexec/meta/3rd/Cocos4.0/library/cc/EventListenerPhysicsContactWithGroup.lua , size = 0.576 KB
[22:03:30.868][info] [#0:script/workspace/loading.lua:100]: Preload file at: file:///home/oscar/.dotfiles/emacs/.config/emacs/mason/packages/lua-language-server/libexec/meta/3rd/Cocos4.0/library/cc/EventListenerPhysicsContactWithShapes.lua , size = 0.637 KB
[22:03:30.868][info] [#0:script/workspace/loading.lua:100]: Preload file at: file:///home/oscar/.dotfiles/emacs/.config/emacs/mason/packages/lua-language-server/libexec/meta/3rd/Cocos4.0/library/cc/EventListenerTouchAllAtOnce.lua , size = 0.486 KB
[22:03:30.869][info] [#0:script/workspace/loading.lua:100]: Preload file at: file:///home/oscar/.dotfiles/emacs/.config/emacs/mason/packages/lua-language-server/libexec/meta/3rd/Cocos4.0/library/cc/EventListenerTouchOneByOne.lua , size = 0.841 KB
[22:03:30.971][info] [#0:script/workspace/loading.lua:100]: Preload file at: file:///home/oscar/.dotfiles/emacs/.config/emacs/mason/packages/lua-language-server/libexec/meta/3rd/Cocos4.0/library/cc/EventTouch.lua , size = 0.442 KB
[22:03:30.971][info] [#0:script/workspace/loading.lua:100]: Preload file at: file:///home/oscar/.dotfiles/emacs/.config/emacs/mason/packages/lua-language-server/libexec/meta/3rd/Cocos4.0/library/cc/EventMouse.lua , size = 3.103 KB
[22:03:30.973][info] [#0:script/workspace/loading.lua:100]: Preload file at: file:///home/oscar/.dotfiles/emacs/.config/emacs/mason/packages/lua-language-server/libexec/meta/3rd/Cocos4.0/library/cc/FadeIn.lua , size = 0.581 KB
[22:03:30.973][info] [#0:script/workspace/loading.lua:100]: Preload file at: file:///home/oscar/.dotfiles/emacs/.config/emacs/mason/packages/lua-language-server/libexec/meta/3rd/Cocos4.0/library/cc/FadeOut.lua , size = 0.546 KB
[22:03:30.974][info] [#0:script/workspace/loading.lua:100]: Preload file at: file:///home/oscar/.dotfiles/emacs/.config/emacs/mason/packages/lua-language-server/libexec/meta/3rd/Cocos4.0/library/cc/FadeOutBLTiles.lua , size = 0.792 KB
[22:03:30.974][info] [#0:script/workspace/loading.lua:100]: Preload file at: file:///home/oscar/.dotfiles/emacs/.config/emacs/mason/packages/lua-language-server/libexec/meta/3rd/Cocos4.0/library/cc/FadeOutDownTiles.lua , size = 0.813 KB
[22:03:30.975][info] [#0:script/workspace/loading.lua:100]: Preload file at: file:///home/oscar/.dotfiles/emacs/.config/emacs/mason/packages/lua-language-server/libexec/meta/3rd/Cocos4.0/library/cc/FadeOutTRTiles.lua , size = 1.776 KB
[22:03:30.976][info] [#0:script/workspace/loading.lua:100]: Preload file at: file:///home/oscar/.dotfiles/emacs/.config/emacs/mason/packages/lua-language-server/libexec/meta/3rd/Cocos4.0/library/cc/FadeOutUpTiles.lua , size = 0.917 KB
[22:03:30.976][info] [#0:script/workspace/loading.lua:100]: Preload file at: file:///home/oscar/.dotfiles/emacs/.config/emacs/mason/packages/lua-language-server/libexec/meta/3rd/Cocos4.0/library/cc/FadeTo.lua , size = 0.961 KB
[22:03:31.080][info] [#0:script/workspace/loading.lua:100]: Preload file at: file:///home/oscar/.dotfiles/emacs/.config/emacs/mason/packages/lua-language-server/libexec/meta/3rd/Cocos4.0/library/cc/FastTMXTiledMap.lua , size = 3.218 KB
[22:03:31.082][info] [#0:script/workspace/loading.lua:100]: Preload file at: file:///home/oscar/.dotfiles/emacs/.config/emacs/mason/packages/lua-language-server/libexec/meta/3rd/Cocos4.0/library/cc/FastTMXLayer.lua , size = 4.998 KB
[22:03:31.084][info] [#0:script/workspace/loading.lua:100]: Preload file at: file:///home/oscar/.dotfiles/emacs/.config/emacs/mason/packages/lua-language-server/libexec/meta/3rd/Cocos4.0/library/cc/FiniteTimeAction.lua , size = 0.576 KB
[22:03:31.087][info] [#0:script/workspace/loading.lua:100]: Preload file at: file:///home/oscar/.dotfiles/emacs/.config/emacs/mason/packages/lua-language-server/libexec/meta/3rd/Cocos4.0/library/cc/FileUtils.lua , size = 16.089 KB
[22:03:31.093][info] [#0:script/workspace/loading.lua:100]: Preload file at: file:///home/oscar/.dotfiles/emacs/.config/emacs/mason/packages/lua-language-server/libexec/meta/3rd/Cocos4.0/library/cc/FlipX.lua , size = 0.601 KB
[22:03:31.093][info] [#0:script/workspace/loading.lua:100]: Preload file at: file:///home/oscar/.dotfiles/emacs/.config/emacs/mason/packages/lua-language-server/libexec/meta/3rd/Cocos4.0/library/cc/FlipX3D.lua , size = 1.307 KB
[22:03:31.094][info] [#0:script/workspace/loading.lua:100]: Preload file at: file:///home/oscar/.dotfiles/emacs/.config/emacs/mason/packages/lua-language-server/libexec/meta/3rd/Cocos4.0/library/cc/FlipY.lua , size = 0.598 KB
[22:03:31.095][info] [#0:script/workspace/loading.lua:100]: Preload file at: file:///home/oscar/.dotfiles/emacs/.config/emacs/mason/packages/lua-language-server/libexec/meta/3rd/Cocos4.0/library/cc/FlipY3D.lua , size = 0.564 KB
[22:03:31.095][info] [#0:script/workspace/loading.lua:100]: Preload file at: file:///home/oscar/.dotfiles/emacs/.config/emacs/mason/packages/lua-language-server/libexec/meta/3rd/Cocos4.0/library/cc/Follow.lua , size = 3.408 KB
[22:03:31.097][info] [#0:script/workspace/loading.lua:100]: Preload file at: file:///home/oscar/.dotfiles/emacs/.config/emacs/mason/packages/lua-language-server/libexec/meta/3rd/Cocos4.0/library/cc/GLView.lua , size = 7.335 KB
[22:03:31.100][info] [#0:script/workspace/loading.lua:100]: Preload file at: file:///home/oscar/.dotfiles/emacs/.config/emacs/mason/packages/lua-language-server/libexec/meta/3rd/Cocos4.0/library/cc/GLViewImpl.lua , size = 0.675 KB
[22:03:31.100][info] [#0:script/workspace/loading.lua:100]: Preload file at: file:///home/oscar/.dotfiles/emacs/.config/emacs/mason/packages/lua-language-server/libexec/meta/3rd/Cocos4.0/library/cc/Grid3D.lua , size = 1.199 KB
[22:03:31.101][info] [#0:script/workspace/loading.lua:100]: Preload file at: file:///home/oscar/.dotfiles/emacs/.config/emacs/mason/packages/lua-language-server/libexec/meta/3rd/Cocos4.0/library/cc/Grid3DAction.lua , size = 0.361 KB
[22:03:31.102][info] [#0:script/workspace/loading.lua:100]: Preload file at: file:///home/oscar/.dotfiles/emacs/.config/emacs/mason/packages/lua-language-server/libexec/meta/3rd/Cocos4.0/library/cc/GridAction.lua , size = 0.844 KB
[22:03:31.102][info] [#0:script/workspace/loading.lua:100]: Preload file at: file:///home/oscar/.dotfiles/emacs/.config/emacs/mason/packages/lua-language-server/libexec/meta/3rd/Cocos4.0/library/cc/GridBase.lua , size = 2.696 KB
[22:03:31.104][info] [#0:script/workspace/loading.lua:100]: Preload file at: file:///home/oscar/.dotfiles/emacs/.config/emacs/mason/packages/lua-language-server/libexec/meta/3rd/Cocos4.0/library/cc/Hide.lua , size = 0.449 KB
[22:03:31.105][info] [#0:script/workspace/loading.lua:100]: Preload file at: file:///home/oscar/.dotfiles/emacs/.config/emacs/mason/packages/lua-language-server/libexec/meta/3rd/Cocos4.0/library/cc/Image.lua , size = 1.985 KB
[22:03:31.106][info] [#0:script/workspace/loading.lua:100]: Preload file at: file:///home/oscar/.dotfiles/emacs/.config/emacs/mason/packages/lua-language-server/libexec/meta/3rd/Cocos4.0/library/cc/JumpBy.lua , size = 1.078 KB
[22:03:31.106][info] [#0:script/workspace/loading.lua:100]: Preload file at: file:///home/oscar/.dotfiles/emacs/.config/emacs/mason/packages/lua-language-server/libexec/meta/3rd/Cocos4.0/library/cc/JumpTiles3D.lua , size = 2.396 KB
[22:03:31.107][info] [#0:script/workspace/loading.lua:100]: Preload file at: file:///home/oscar/.dotfiles/emacs/.config/emacs/mason/packages/lua-language-server/libexec/meta/3rd/Cocos4.0/library/cc/JumpTo.lua , size = 0.987 KB
[22:03:31.108][info] [#0:script/workspace/loading.lua:100]: Preload file at: file:///home/oscar/.dotfiles/emacs/.config/emacs/mason/packages/lua-language-server/libexec/meta/3rd/Cocos4.0/library/cc/Label.lua , size = 13.549 KB
[22:03:31.115][info] [#0:script/workspace/loading.lua:100]: Preload file at: file:///home/oscar/.dotfiles/emacs/.config/emacs/mason/packages/lua-language-server/libexec/meta/3rd/Cocos4.0/library/cc/LabelAtlas.lua , size = 1.300 KB
[22:03:31.116][info] [#0:script/workspace/loading.lua:100]: Preload file at: file:///home/oscar/.dotfiles/emacs/.config/emacs/mason/packages/lua-language-server/libexec/meta/3rd/Cocos4.0/library/cc/Layer.lua , size = 0.352 KB
[22:03:31.116][info] [#0:script/workspace/loading.lua:100]: Preload file at: file:///home/oscar/.dotfiles/emacs/.config/emacs/mason/packages/lua-language-server/libexec/meta/3rd/Cocos4.0/library/cc/LayerColor.lua , size = 2.000 KB
[22:03:31.117][info] [#0:script/workspace/loading.lua:100]: Preload file at: file:///home/oscar/.dotfiles/emacs/.config/emacs/mason/packages/lua-language-server/libexec/meta/3rd/Cocos4.0/library/cc/LayerGradient.lua , size = 3.321 KB
[22:03:31.119][info] [#0:script/workspace/loading.lua:100]: Preload file at: file:///home/oscar/.dotfiles/emacs/.config/emacs/mason/packages/lua-language-server/libexec/meta/3rd/Cocos4.0/library/cc/LayerMultiplex.lua , size = 1.159 KB
[22:03:31.119][info] [#0:script/workspace/loading.lua:100]: Preload file at: file:///home/oscar/.dotfiles/emacs/.config/emacs/mason/packages/lua-language-server/libexec/meta/3rd/Cocos4.0/library/cc/LayerRadialGradient.lua , size = 2.853 KB
[22:03:31.121][info] [#0:script/workspace/loading.lua:100]: Preload file at: file:///home/oscar/.dotfiles/emacs/.config/emacs/mason/packages/lua-language-server/libexec/meta/3rd/Cocos4.0/library/cc/Lens3D.lua , size = 2.371 KB
[22:03:31.122][info] [#0:script/workspace/loading.lua:100]: Preload file at: file:///home/oscar/.dotfiles/emacs/.config/emacs/mason/packages/lua-language-server/libexec/meta/3rd/Cocos4.0/library/cc/Liquid.lua , size = 2.235 KB
[22:03:31.123][info] [#0:script/workspace/loading.lua:100]: Preload file at: file:///home/oscar/.dotfiles/emacs/.config/emacs/mason/packages/lua-language-server/libexec/meta/3rd/Cocos4.0/library/cc/Manifest.lua , size = 0.830 KB
[22:03:31.124][info] [#0:script/workspace/loading.lua:100]: Preload file at: file:///home/oscar/.dotfiles/emacs/.config/emacs/mason/packages/lua-language-server/libexec/meta/3rd/Cocos4.0/library/cc/Material.lua , size = 2.894 KB
[22:03:31.125][info] [#0:script/workspace/loading.lua:100]: Preload file at: file:///home/oscar/.dotfiles/emacs/.config/emacs/mason/packages/lua-language-server/libexec/meta/3rd/Cocos4.0/library/cc/Menu.lua , size = 1.999 KB
[22:03:31.126][info] [#0:script/workspace/loading.lua:100]: Preload file at: file:///home/oscar/.dotfiles/emacs/.config/emacs/mason/packages/lua-language-server/libexec/meta/3rd/Cocos4.0/library/cc/MenuItem.lua , size = 0.875 KB
[22:03:31.127][info] [#0:script/workspace/loading.lua:100]: Preload file at: file:///home/oscar/.dotfiles/emacs/.config/emacs/mason/packages/lua-language-server/libexec/meta/3rd/Cocos4.0/library/cc/MenuItemAtlasFont.lua , size = 0.563 KB
[22:03:31.127][info] [#0:script/workspace/loading.lua:100]: Preload file at: file:///home/oscar/.dotfiles/emacs/.config/emacs/mason/packages/lua-language-server/libexec/meta/3rd/Cocos4.0/library/cc/MenuItemFont.lua , size = 1.579 KB
[22:03:31.128][info] [#0:script/workspace/loading.lua:100]: Preload file at: file:///home/oscar/.dotfiles/emacs/.config/emacs/mason/packages/lua-language-server/libexec/meta/3rd/Cocos4.0/library/cc/MenuItemImage.lua , size = 1.020 KB
[22:03:31.129][info] [#0:script/workspace/loading.lua:100]: Preload file at: file:///home/oscar/.dotfiles/emacs/.config/emacs/mason/packages/lua-language-server/libexec/meta/3rd/Cocos4.0/library/cc/MenuItemLabel.lua , size = 1.366 KB
[22:03:31.130][info] [#0:script/workspace/loading.lua:100]: Preload file at: file:///home/oscar/.dotfiles/emacs/.config/emacs/mason/packages/lua-language-server/libexec/meta/3rd/Cocos4.0/library/cc/MenuItemSprite.lua , size = 1.645 KB
[22:03:31.131][info] [#0:script/workspace/loading.lua:100]: Preload file at: file:///home/oscar/.dotfiles/emacs/.config/emacs/mason/packages/lua-language-server/libexec/meta/3rd/Cocos4.0/library/cc/MenuItemToggle.lua , size = 1.230 KB
[22:03:31.132][info] [#0:script/workspace/loading.lua:100]: Preload file at: file:///home/oscar/.dotfiles/emacs/.config/emacs/mason/packages/lua-language-server/libexec/meta/3rd/Cocos4.0/library/cc/Mesh.lua , size = 2.224 KB
[22:03:31.133][info] [#0:script/workspace/loading.lua:100]: Preload file at: file:///home/oscar/.dotfiles/emacs/.config/emacs/mason/packages/lua-language-server/libexec/meta/3rd/Cocos4.0/library/cc/MotionStreak.lua , size = 3.785 KB
[22:03:31.135][info] [#0:script/workspace/loading.lua:100]: Preload file at: file:///home/oscar/.dotfiles/emacs/.config/emacs/mason/packages/lua-language-server/libexec/meta/3rd/Cocos4.0/library/cc/MotionStreak3D.lua , size = 4.334 KB
[22:03:31.138][info] [#0:script/workspace/loading.lua:100]: Preload file at: file:///home/oscar/.dotfiles/emacs/.config/emacs/mason/packages/lua-language-server/libexec/meta/3rd/Cocos4.0/library/cc/MoveBy.lua , size = 0.901 KB
[22:03:31.138][info] [#0:script/workspace/loading.lua:100]: Preload file at: file:///home/oscar/.dotfiles/emacs/.config/emacs/mason/packages/lua-language-server/libexec/meta/3rd/Cocos4.0/library/cc/MoveTo.lua , size = 0.779 KB
[22:03:31.139][info] [#0:script/workspace/loading.lua:100]: Preload file at: file:///home/oscar/.dotfiles/emacs/.config/emacs/mason/packages/lua-language-server/libexec/meta/3rd/Cocos4.0/library/cc/NavMesh.lua , size = 1.389 KB
[22:03:31.140][info] [#0:script/workspace/loading.lua:100]: Preload file at: file:///home/oscar/.dotfiles/emacs/.config/emacs/mason/packages/lua-language-server/libexec/meta/3rd/Cocos4.0/library/cc/NavMeshAgent.lua , size = 3.547 KB
[22:03:31.142][info] [#0:script/workspace/loading.lua:100]: Preload file at: file:///home/oscar/.dotfiles/emacs/.config/emacs/mason/packages/lua-language-server/libexec/meta/3rd/Cocos4.0/library/cc/NavMeshObstacle.lua , size = 1.365 KB
[22:03:31.143][info] [#0:script/workspace/loading.lua:100]: Preload file at: file:///home/oscar/.dotfiles/emacs/.config/emacs/mason/packages/lua-language-server/libexec/meta/3rd/Cocos4.0/library/cc/Node.lua , size = 34.564 KB
[22:03:31.157][info] [#0:script/workspace/loading.lua:100]: Preload file at: file:///home/oscar/.dotfiles/emacs/.config/emacs/mason/packages/lua-language-server/libexec/meta/3rd/Cocos4.0/library/cc/NodeGrid.lua , size = 1.260 KB
[22:03:31.157][info] [#0:script/workspace/loading.lua:100]: Preload file at: file:///home/oscar/.dotfiles/emacs/.config/emacs/mason/packages/lua-language-server/libexec/meta/3rd/Cocos4.0/library/cc/OrbitCamera.lua , size = 1.466 KB
[22:03:31.158][info] [#0:script/workspace/loading.lua:100]: Preload file at: file:///home/oscar/.dotfiles/emacs/.config/emacs/mason/packages/lua-language-server/libexec/meta/3rd/Cocos4.0/library/cc/PUParticleSystem3D.lua , size = 5.732 KB
[22:03:31.161][info] [#0:script/workspace/loading.lua:100]: Preload file at: file:///home/oscar/.dotfiles/emacs/.config/emacs/mason/packages/lua-language-server/libexec/meta/3rd/Cocos4.0/library/cc/PageTurn3D.lua , size = 0.713 KB
[22:03:31.162][info] [#0:script/workspace/loading.lua:100]: Preload file at: file:///home/oscar/.dotfiles/emacs/.config/emacs/mason/packages/lua-language-server/libexec/meta/3rd/Cocos4.0/library/cc/ParallaxNode.lua , size = 1.611 KB
[22:03:31.163][info] [#0:script/workspace/loading.lua:100]: Preload file at: file:///home/oscar/.dotfiles/emacs/.config/emacs/mason/packages/lua-language-server/libexec/meta/3rd/Cocos4.0/library/cc/ParticleBatchNode.lua , size = 4.268 KB
[22:03:31.165][info] [#0:script/workspace/loading.lua:100]: Preload file at: file:///home/oscar/.dotfiles/emacs/.config/emacs/mason/packages/lua-language-server/libexec/meta/3rd/Cocos4.0/library/cc/ParticleData.lua , size = 0.453 KB
[22:03:31.165][info] [#0:script/workspace/loading.lua:100]: Preload file at: file:///home/oscar/.dotfiles/emacs/.config/emacs/mason/packages/lua-language-server/libexec/meta/3rd/Cocos4.0/library/cc/ParticleExplosion.lua , size = 0.875 KB
[22:03:31.166][info] [#0:script/workspace/loading.lua:100]: Preload file at: file:///home/oscar/.dotfiles/emacs/.config/emacs/mason/packages/lua-language-server/libexec/meta/3rd/Cocos4.0/library/cc/ParticleFire.lua , size = 0.807 KB
[22:03:31.166][info] [#0:script/workspace/loading.lua:100]: Preload file at: file:///home/oscar/.dotfiles/emacs/.config/emacs/mason/packages/lua-language-server/libexec/meta/3rd/Cocos4.0/library/cc/ParticleFireworks.lua , size = 0.875 KB
[22:03:31.167][info] [#0:script/workspace/loading.lua:100]: Preload file at: file:///home/oscar/.dotfiles/emacs/.config/emacs/mason/packages/lua-language-server/libexec/meta/3rd/Cocos4.0/library/cc/ParticleFlower.lua , size = 0.834 KB
[22:03:31.167][info] [#0:script/workspace/loading.lua:100]: Preload file at: file:///home/oscar/.dotfiles/emacs/.config/emacs/mason/packages/lua-language-server/libexec/meta/3rd/Cocos4.0/library/cc/ParticleGalaxy.lua , size = 0.834 KB
[22:03:31.168][info] [#0:script/workspace/loading.lua:100]: Preload file at: file:///home/oscar/.dotfiles/emacs/.config/emacs/mason/packages/lua-language-server/libexec/meta/3rd/Cocos4.0/library/cc/ParticleMeteor.lua , size = 0.834 KB
[22:03:31.169][info] [#0:script/workspace/loading.lua:100]: Preload file at: file:///home/oscar/.dotfiles/emacs/.config/emacs/mason/packages/lua-language-server/libexec/meta/3rd/Cocos4.0/library/cc/ParticleRain.lua , size = 0.807 KB
[22:03:31.169][info] [#0:script/workspace/loading.lua:100]: Preload file at: file:///home/oscar/.dotfiles/emacs/.config/emacs/mason/packages/lua-language-server/libexec/meta/3rd/Cocos4.0/library/cc/ParticleSmoke.lua , size = 0.820 KB
[22:03:31.170][info] [#0:script/workspace/loading.lua:100]: Preload file at: file:///home/oscar/.dotfiles/emacs/.config/emacs/mason/packages/lua-language-server/libexec/meta/3rd/Cocos4.0/library/cc/ParticleSnow.lua , size = 0.807 KB
[22:03:31.170][info] [#0:script/workspace/loading.lua:100]: Preload file at: file:///home/oscar/.dotfiles/emacs/.config/emacs/mason/packages/lua-language-server/libexec/meta/3rd/Cocos4.0/library/cc/ParticleSpiral.lua , size = 0.834 KB
[22:03:31.171][info] [#0:script/workspace/loading.lua:100]: Preload file at: file:///home/oscar/.dotfiles/emacs/.config/emacs/mason/packages/lua-language-server/libexec/meta/3rd/Cocos4.0/library/cc/ParticleSun.lua , size = 0.793 KB
[22:03:31.171][info] [#0:script/workspace/loading.lua:100]: Preload file at: file:///home/oscar/.dotfiles/emacs/.config/emacs/mason/packages/lua-language-server/libexec/meta/3rd/Cocos4.0/library/cc/ParticleSystem.lua , size = 19.496 KB
[22:03:31.183][info] [#0:script/workspace/loading.lua:100]: Preload file at: file:///home/oscar/.dotfiles/emacs/.config/emacs/mason/packages/lua-language-server/libexec/meta/3rd/Cocos4.0/library/cc/ParticleSystem3D.lua , size = 2.620 KB
[22:03:31.185][info] [#0:script/workspace/loading.lua:100]: Preload file at: file:///home/oscar/.dotfiles/emacs/.config/emacs/mason/packages/lua-language-server/libexec/meta/3rd/Cocos4.0/library/cc/ParticleSystemQuad.lua , size = 1.807 KB
[22:03:31.187][info] [#0:script/workspace/loading.lua:100]: Preload file at: file:///home/oscar/.dotfiles/emacs/.config/emacs/mason/packages/lua-language-server/libexec/meta/3rd/Cocos4.0/library/cc/Pass.lua , size = 3.624 KB
[22:03:31.190][info] [#0:script/workspace/loading.lua:100]: Preload file at: file:///home/oscar/.dotfiles/emacs/.config/emacs/mason/packages/lua-language-server/libexec/meta/3rd/Cocos4.0/library/cc/Physics3D6DofConstraint.lua , size = 2.252 KB
[22:03:31.192][info] [#0:script/workspace/loading.lua:100]: Preload file at: file:///home/oscar/.dotfiles/emacs/.config/emacs/mason/packages/lua-language-server/libexec/meta/3rd/Cocos4.0/library/cc/Physics3DComponent.lua , size = 1.499 KB
[22:03:31.194][info] [#0:script/workspace/loading.lua:100]: Preload file at: file:///home/oscar/.dotfiles/emacs/.config/emacs/mason/packages/lua-language-server/libexec/meta/3rd/Cocos4.0/library/cc/Physics3DConeTwistConstraint.lua , size = 3.545 KB
[22:03:31.198][info] [#0:script/workspace/loading.lua:100]: Preload file at: file:///home/oscar/.dotfiles/emacs/.config/emacs/mason/packages/lua-language-server/libexec/meta/3rd/Cocos4.0/library/cc/Physics3DConstraint.lua , size = 1.571 KB
[22:03:31.199][info] [#0:script/workspace/loading.lua:100]: Preload file at: file:///home/oscar/.dotfiles/emacs/.config/emacs/mason/packages/lua-language-server/libexec/meta/3rd/Cocos4.0/library/cc/Physics3DHingeConstraint.lua , size = 3.866 KB
[22:03:31.204][info] [#0:script/workspace/loading.lua:100]: Preload file at: file:///home/oscar/.dotfiles/emacs/.config/emacs/mason/packages/lua-language-server/libexec/meta/3rd/Cocos4.0/library/cc/Physics3DObject.lua , size = 1.230 KB
[22:03:31.205][info] [#0:script/workspace/loading.lua:100]: Preload file at: file:///home/oscar/.dotfiles/emacs/.config/emacs/mason/packages/lua-language-server/libexec/meta/3rd/Cocos4.0/library/cc/Physics3DPointToPointConstraint.lua , size = 1.821 KB
[22:03:31.207][info] [#0:script/workspace/loading.lua:100]: Preload file at: file:///home/oscar/.dotfiles/emacs/.config/emacs/mason/packages/lua-language-server/libexec/meta/3rd/Cocos4.0/library/cc/Physics3DRigidBody.lua , size = 6.742 KB
[22:03:31.211][info] [#0:script/workspace/loading.lua:100]: Preload file at: file:///home/oscar/.dotfiles/emacs/.config/emacs/mason/packages/lua-language-server/libexec/meta/3rd/Cocos4.0/library/cc/Physics3DShape.lua , size = 1.758 KB
[22:03:31.213][info] [#0:script/workspace/loading.lua:100]: Preload file at: file:///home/oscar/.dotfiles/emacs/.config/emacs/mason/packages/lua-language-server/libexec/meta/3rd/Cocos4.0/library/cc/Physics3DSliderConstraint.lua , size = 7.630 KB
[22:03:31.218][info] [#0:script/workspace/loading.lua:100]: Preload file at: file:///home/oscar/.dotfiles/emacs/.config/emacs/mason/packages/lua-language-server/libexec/meta/3rd/Cocos4.0/library/cc/Physics3DWorld.lua , size = 2.023 KB
[22:03:31.220][info] [#0:script/workspace/loading.lua:100]: Preload file at: file:///home/oscar/.dotfiles/emacs/.config/emacs/mason/packages/lua-language-server/libexec/meta/3rd/Cocos4.0/library/cc/PhysicsBody.lua , size = 14.614 KB
[22:03:31.227][info] [#0:script/workspace/loading.lua:100]: Preload file at: file:///home/oscar/.dotfiles/emacs/.config/emacs/mason/packages/lua-language-server/libexec/meta/3rd/Cocos4.0/library/cc/PhysicsContact.lua , size = 0.588 KB
[22:03:31.227][info] [#0:script/workspace/loading.lua:100]: Preload file at: file:///home/oscar/.dotfiles/emacs/.config/emacs/mason/packages/lua-language-server/libexec/meta/3rd/Cocos4.0/library/cc/PhysicsContactPostSolve.lua , size = 0.472 KB
[22:03:31.228][info] [#0:script/workspace/loading.lua:100]: Preload file at: file:///home/oscar/.dotfiles/emacs/.config/emacs/mason/packages/lua-language-server/libexec/meta/3rd/Cocos4.0/library/cc/PhysicsContactPreSolve.lua , size = 0.985 KB
[22:03:31.229][info] [#0:script/workspace/loading.lua:100]: Preload file at: file:///home/oscar/.dotfiles/emacs/.config/emacs/mason/packages/lua-language-server/libexec/meta/3rd/Cocos4.0/library/cc/PhysicsJoint.lua , size = 1.444 KB
[22:03:31.230][info] [#0:script/workspace/loading.lua:100]: Preload file at: file:///home/oscar/.dotfiles/emacs/.config/emacs/mason/packages/lua-language-server/libexec/meta/3rd/Cocos4.0/library/cc/PhysicsJointDistance.lua , size = 0.918 KB
[22:03:31.231][info] [#0:script/workspace/loading.lua:100]: Preload file at: file:///home/oscar/.dotfiles/emacs/.config/emacs/mason/packages/lua-language-server/libexec/meta/3rd/Cocos4.0/library/cc/PhysicsJointFixed.lua , size = 0.536 KB
[22:03:31.231][info] [#0:script/workspace/loading.lua:100]: Preload file at: file:///home/oscar/.dotfiles/emacs/.config/emacs/mason/packages/lua-language-server/libexec/meta/3rd/Cocos4.0/library/cc/PhysicsJointGear.lua , size = 1.062 KB
[22:03:31.232][info] [#0:script/workspace/loading.lua:100]: Preload file at: file:///home/oscar/.dotfiles/emacs/.config/emacs/mason/packages/lua-language-server/libexec/meta/3rd/Cocos4.0/library/cc/PhysicsJointGroove.lua , size = 1.404 KB
[22:03:31.234][info] [#0:script/workspace/loading.lua:100]: Preload file at: file:///home/oscar/.dotfiles/emacs/.config/emacs/mason/packages/lua-language-server/libexec/meta/3rd/Cocos4.0/library/cc/PhysicsJointLimit.lua , size = 1.634 KB
[22:03:31.235][info] [#0:script/workspace/loading.lua:100]: Preload file at: file:///home/oscar/.dotfiles/emacs/.config/emacs/mason/packages/lua-language-server/libexec/meta/3rd/Cocos4.0/library/cc/PhysicsJointMotor.lua , size = 0.767 KB
[22:03:31.236][info] [#0:script/workspace/loading.lua:100]: Preload file at: file:///home/oscar/.dotfiles/emacs/.config/emacs/mason/packages/lua-language-server/libexec/meta/3rd/Cocos4.0/library/cc/PhysicsJointPin.lua , size = 0.599 KB
[22:03:31.237][info] [#0:script/workspace/loading.lua:100]: Preload file at: file:///home/oscar/.dotfiles/emacs/.config/emacs/mason/packages/lua-language-server/libexec/meta/3rd/Cocos4.0/library/cc/PhysicsJointRatchet.lua , size = 1.330 KB
[22:03:31.238][info] [#0:script/workspace/loading.lua:100]: Preload file at: file:///home/oscar/.dotfiles/emacs/.config/emacs/mason/packages/lua-language-server/libexec/meta/3rd/Cocos4.0/library/cc/PhysicsJointRotaryLimit.lua , size = 1.005 KB
[22:03:31.240][info] [#0:script/workspace/loading.lua:100]: Preload file at: file:///home/oscar/.dotfiles/emacs/.config/emacs/mason/packages/lua-language-server/libexec/meta/3rd/Cocos4.0/library/cc/PhysicsJointRotarySpring.lua , size = 1.456 KB
[22:03:31.241][info] [#0:script/workspace/loading.lua:100]: Preload file at: file:///home/oscar/.dotfiles/emacs/.config/emacs/mason/packages/lua-language-server/libexec/meta/3rd/Cocos4.0/library/cc/PhysicsJointSpring.lua , size = 1.999 KB
[22:03:31.243][info] [#0:script/workspace/loading.lua:100]: Preload file at: file:///home/oscar/.dotfiles/emacs/.config/emacs/mason/packages/lua-language-server/libexec/meta/3rd/Cocos4.0/library/cc/PhysicsShape.lua , size = 6.776 KB
[22:03:31.248][info] [#0:script/workspace/loading.lua:100]: Preload file at: file:///home/oscar/.dotfiles/emacs/.config/emacs/mason/packages/lua-language-server/libexec/meta/3rd/Cocos4.0/library/cc/PhysicsShapeBox.lua , size = 0.970 KB
[22:03:31.249][info] [#0:script/workspace/loading.lua:100]: Preload file at: file:///home/oscar/.dotfiles/emacs/.config/emacs/mason/packages/lua-language-server/libexec/meta/3rd/Cocos4.0/library/cc/PhysicsShapeCircle.lua , size = 1.737 KB
[22:03:31.251][info] [#0:script/workspace/loading.lua:100]: Preload file at: file:///home/oscar/.dotfiles/emacs/.config/emacs/mason/packages/lua-language-server/libexec/meta/3rd/Cocos4.0/library/cc/PhysicsShapeEdgeBox.lua , size = 0.928 KB
[22:03:31.252][info] [#0:script/workspace/loading.lua:100]: Preload file at: file:///home/oscar/.dotfiles/emacs/.config/emacs/mason/packages/lua-language-server/libexec/meta/3rd/Cocos4.0/library/cc/PhysicsShapeEdgeChain.lua , size = 0.418 KB
[22:03:31.253][info] [#0:script/workspace/loading.lua:100]: Preload file at: file:///home/oscar/.dotfiles/emacs/.config/emacs/mason/packages/lua-language-server/libexec/meta/3rd/Cocos4.0/library/cc/PhysicsShapeEdgePolygon.lua , size = 0.434 KB
[22:03:31.254][info] [#0:script/workspace/loading.lua:100]: Preload file at: file:///home/oscar/.dotfiles/emacs/.config/emacs/mason/packages/lua-language-server/libexec/meta/3rd/Cocos4.0/library/cc/PhysicsShapeEdgeSegment.lua , size = 1.123 KB
[22:03:31.255][info] [#0:script/workspace/loading.lua:100]: Preload file at: file:///home/oscar/.dotfiles/emacs/.config/emacs/mason/packages/lua-language-server/libexec/meta/3rd/Cocos4.0/library/cc/PhysicsShapePolygon.lua , size = 0.770 KB
[22:03:31.255][info] [#0:script/workspace/loading.lua:100]: Preload file at: file:///home/oscar/.dotfiles/emacs/.config/emacs/mason/packages/lua-language-server/libexec/meta/3rd/Cocos4.0/library/cc/PhysicsSprite3D.lua , size = 0.651 KB
[22:03:31.256][info] [#0:script/workspace/loading.lua:100]: Preload file at: file:///home/oscar/.dotfiles/emacs/.config/emacs/mason/packages/lua-language-server/libexec/meta/3rd/Cocos4.0/library/cc/PhysicsWorld.lua , size = 6.802 KB
[22:03:31.259][info] [#0:script/workspace/loading.lua:100]: Preload file at: file:///home/oscar/.dotfiles/emacs/.config/emacs/mason/packages/lua-language-server/libexec/meta/3rd/Cocos4.0/library/cc/Place.lua , size = 0.648 KB
[22:03:31.260][info] [#0:script/workspace/loading.lua:100]: Preload file at: file:///home/oscar/.dotfiles/emacs/.config/emacs/mason/packages/lua-language-server/libexec/meta/3rd/Cocos4.0/library/cc/PointLight.lua , size = 0.720 KB
[22:03:31.261][info] [#0:script/workspace/loading.lua:100]: Preload file at: file:///home/oscar/.dotfiles/emacs/.config/emacs/mason/packages/lua-language-server/libexec/meta/3rd/Cocos4.0/library/cc/PolygonInfo.lua , size = 2.018 KB
[22:03:31.262][info] [#0:script/workspace/loading.lua:100]: Preload file at: file:///home/oscar/.dotfiles/emacs/.config/emacs/mason/packages/lua-language-server/libexec/meta/3rd/Cocos4.0/library/cc/ProgressFromTo.lua , size = 1.643 KB
[22:03:31.263][info] [#0:script/workspace/loading.lua:100]: Preload file at: file:///home/oscar/.dotfiles/emacs/.config/emacs/mason/packages/lua-language-server/libexec/meta/3rd/Cocos4.0/library/cc/ProgressTimer.lua , size = 3.866 KB
[22:03:31.266][info] [#0:script/workspace/loading.lua:100]: Preload file at: file:///home/oscar/.dotfiles/emacs/.config/emacs/mason/packages/lua-language-server/libexec/meta/3rd/Cocos4.0/library/cc/ProgressTo.lua , size = 1.294 KB
[22:03:31.267][info] [#0:script/workspace/loading.lua:100]: Preload file at: file:///home/oscar/.dotfiles/emacs/.config/emacs/mason/packages/lua-language-server/libexec/meta/3rd/Cocos4.0/library/cc/Properties.lua , size = 11.709 KB
[22:03:31.310][info] [#0:script/workspace/loading.lua:100]: Preload file at: file:///home/oscar/.dotfiles/emacs/.config/emacs/mason/packages/lua-language-server/libexec/meta/3rd/Cocos4.0/library/cc/ProtectedNode.lua , size = 3.857 KB
[22:03:31.317][info] [#0:script/workspace/loading.lua:100]: Preload file at: file:///home/oscar/.dotfiles/emacs/.config/emacs/mason/packages/lua-language-server/libexec/meta/3rd/Cocos4.0/library/cc/Ref.lua , size = 0.658 KB
[22:03:31.318][info] [#0:script/workspace/loading.lua:100]: Preload file at: file:///home/oscar/.dotfiles/emacs/.config/emacs/mason/packages/lua-language-server/libexec/meta/3rd/Cocos4.0/library/cc/RemoveSelf.lua , size = 0.673 KB
[22:03:31.318][info] [#0:script/workspace/loading.lua:100]: Preload file at: file:///home/oscar/.dotfiles/emacs/.config/emacs/mason/packages/lua-language-server/libexec/meta/3rd/Cocos4.0/library/cc/RenderState.lua , size = 0.365 KB
[22:03:31.426][info] [#0:script/workspace/loading.lua:100]: Preload file at: file:///home/oscar/.dotfiles/emacs/.config/emacs/mason/packages/lua-language-server/libexec/meta/3rd/Cocos4.0/library/cc/Renderer.lua , size = 9.653 KB
[22:03:31.435][info] [#0:script/workspace/loading.lua:100]: Preload file at: file:///home/oscar/.dotfiles/emacs/.config/emacs/mason/packages/lua-language-server/libexec/meta/3rd/Cocos4.0/library/cc/RenderTexture.lua , size = 6.029 KB
[22:03:31.443][info] [#0:script/workspace/loading.lua:100]: Preload file at: file:///home/oscar/.dotfiles/emacs/.config/emacs/mason/packages/lua-language-server/libexec/meta/3rd/Cocos4.0/library/cc/Repeat.lua , size = 1.354 KB
[22:03:31.446][info] [#0:script/workspace/loading.lua:100]: Preload file at: file:///home/oscar/.dotfiles/emacs/.config/emacs/mason/packages/lua-language-server/libexec/meta/3rd/Cocos4.0/library/cc/RepeatForever.lua , size = 1.188 KB
[22:03:31.448][info] [#0:script/workspace/loading.lua:100]: Preload file at: file:///home/oscar/.dotfiles/emacs/.config/emacs/mason/packages/lua-language-server/libexec/meta/3rd/Cocos4.0/library/cc/ReuseGrid.lua , size = 0.963 KB
[22:03:31.551][info] [#0:script/workspace/loading.lua:100]: Preload file at: file:///home/oscar/.dotfiles/emacs/.config/emacs/mason/packages/lua-language-server/libexec/meta/3rd/Cocos4.0/library/cc/RotateBy.lua , size = 1.090 KB
[22:03:31.554][info] [#0:script/workspace/loading.lua:100]: Preload file at: file:///home/oscar/.dotfiles/emacs/.config/emacs/mason/packages/lua-language-server/libexec/meta/3rd/Cocos4.0/library/cc/Ripple3D.lua , size = 3.110 KB
[22:03:31.557][info] [#0:script/workspace/loading.lua:100]: Preload file at: file:///home/oscar/.dotfiles/emacs/.config/emacs/mason/packages/lua-language-server/libexec/meta/3rd/Cocos4.0/library/cc/RotateTo.lua , size = 1.013 KB
[22:03:31.559][info] [#0:script/workspace/loading.lua:100]: Preload file at: file:///home/oscar/.dotfiles/emacs/.config/emacs/mason/packages/lua-language-server/libexec/meta/3rd/Cocos4.0/library/cc/ScaleBy.lua , size = 0.639 KB
[22:03:31.561][info] [#0:script/workspace/loading.lua:100]: Preload file at: file:///home/oscar/.dotfiles/emacs/.config/emacs/mason/packages/lua-language-server/libexec/meta/3rd/Cocos4.0/library/cc/ScaleTo.lua , size = 1.072 KB
[22:03:31.563][info] [#0:script/workspace/loading.lua:100]: Preload file at: file:///home/oscar/.dotfiles/emacs/.config/emacs/mason/packages/lua-language-server/libexec/meta/3rd/Cocos4.0/library/cc/Scene.lua , size = 1.938 KB
[22:03:31.566][info] [#0:script/workspace/loading.lua:100]: Preload file at: file:///home/oscar/.dotfiles/emacs/.config/emacs/mason/packages/lua-language-server/libexec/meta/3rd/Cocos4.0/library/cc/Scheduler.lua , size = 1.086 KB
[22:03:31.567][info] [#0:script/workspace/loading.lua:100]: Preload file at: file:///home/oscar/.dotfiles/emacs/.config/emacs/mason/packages/lua-language-server/libexec/meta/3rd/Cocos4.0/library/cc/Sequence.lua , size = 0.820 KB
[22:03:31.569][info] [#0:script/workspace/loading.lua:100]: Preload file at: file:///home/oscar/.dotfiles/emacs/.config/emacs/mason/packages/lua-language-server/libexec/meta/3rd/Cocos4.0/library/cc/ShaderCache.lua , size = 1.046 KB
[22:03:31.571][info] [#0:script/workspace/loading.lua:100]: Preload file at: file:///home/oscar/.dotfiles/emacs/.config/emacs/mason/packages/lua-language-server/libexec/meta/3rd/Cocos4.0/library/cc/Shaky3D.lua , size = 1.515 KB
[22:03:31.573][info] [#0:script/workspace/loading.lua:100]: Preload file at: file:///home/oscar/.dotfiles/emacs/.config/emacs/mason/packages/lua-language-server/libexec/meta/3rd/Cocos4.0/library/cc/ShakyTiles3D.lua , size = 1.560 KB
[22:03:31.575][info] [#0:script/workspace/loading.lua:100]: Preload file at: file:///home/oscar/.dotfiles/emacs/.config/emacs/mason/packages/lua-language-server/libexec/meta/3rd/Cocos4.0/library/cc/ShatteredTiles3D.lua , size = 1.652 KB
[22:03:31.576][info] [#0:script/workspace/loading.lua:100]: Preload file at: file:///home/oscar/.dotfiles/emacs/.config/emacs/mason/packages/lua-language-server/libexec/meta/3rd/Cocos4.0/library/cc/Show.lua , size = 0.450 KB
[22:03:31.578][info] [#0:script/workspace/loading.lua:100]: Preload file at: file:///home/oscar/.dotfiles/emacs/.config/emacs/mason/packages/lua-language-server/libexec/meta/3rd/Cocos4.0/library/cc/ShuffleTiles.lua , size = 1.523 KB
[22:03:31.580][info] [#0:script/workspace/loading.lua:100]: Preload file at: file:///home/oscar/.dotfiles/emacs/.config/emacs/mason/packages/lua-language-server/libexec/meta/3rd/Cocos4.0/library/cc/Skeleton3D.lua , size = 0.938 KB
[22:03:31.582][info] [#0:script/workspace/loading.lua:100]: Preload file at: file:///home/oscar/.dotfiles/emacs/.config/emacs/mason/packages/lua-language-server/libexec/meta/3rd/Cocos4.0/library/cc/SkewBy.lua , size = 0.798 KB
[22:03:31.593][info] [#0:script/workspace/loading.lua:100]: Preload file at: file:///home/oscar/.dotfiles/emacs/.config/emacs/mason/packages/lua-language-server/libexec/meta/3rd/Cocos4.0/library/cc/SkewTo.lua , size = 0.843 KB
[22:03:31.595][info] [#0:script/workspace/loading.lua:100]: Preload file at: file:///home/oscar/.dotfiles/emacs/.config/emacs/mason/packages/lua-language-server/libexec/meta/3rd/Cocos4.0/library/cc/Skybox.lua , size = 1.296 KB
[22:03:31.597][info] [#0:script/workspace/loading.lua:100]: Preload file at: file:///home/oscar/.dotfiles/emacs/.config/emacs/mason/packages/lua-language-server/libexec/meta/3rd/Cocos4.0/library/cc/Spawn.lua , size = 0.759 KB
[22:03:31.598][info] [#0:script/workspace/loading.lua:100]: Preload file at: file:///home/oscar/.dotfiles/emacs/.config/emacs/mason/packages/lua-language-server/libexec/meta/3rd/Cocos4.0/library/cc/Speed.lua , size = 1.581 KB
[22:03:31.600][info] [#0:script/workspace/loading.lua:100]: Preload file at: file:///home/oscar/.dotfiles/emacs/.config/emacs/mason/packages/lua-language-server/libexec/meta/3rd/Cocos4.0/library/cc/SplitCols.lua , size = 1.263 KB
[22:03:31.602][info] [#0:script/workspace/loading.lua:100]: Preload file at: file:///home/oscar/.dotfiles/emacs/.config/emacs/mason/packages/lua-language-server/libexec/meta/3rd/Cocos4.0/library/cc/SplitRows.lua , size = 1.229 KB
[22:03:31.706][info] [#0:script/workspace/loading.lua:100]: Preload file at: file:///home/oscar/.dotfiles/emacs/.config/emacs/mason/packages/lua-language-server/libexec/meta/3rd/Cocos4.0/library/cc/SpotLight.lua , size = 2.281 KB
[22:03:31.709][info] [#0:script/workspace/loading.lua:100]: Preload file at: file:///home/oscar/.dotfiles/emacs/.config/emacs/mason/packages/lua-language-server/libexec/meta/3rd/Cocos4.0/library/cc/Sprite.lua , size = 12.740 KB
[22:03:31.722][info] [#0:script/workspace/loading.lua:100]: Preload file at: file:///home/oscar/.dotfiles/emacs/.config/emacs/mason/packages/lua-language-server/libexec/meta/3rd/Cocos4.0/library/cc/Sprite3D.lua , size = 3.923 KB
[22:03:31.729][info] [#0:script/workspace/loading.lua:100]: Preload file at: file:///home/oscar/.dotfiles/emacs/.config/emacs/mason/packages/lua-language-server/libexec/meta/3rd/Cocos4.0/library/cc/Sprite3DCache.lua , size = 0.557 KB
[22:03:31.730][info] [#0:script/workspace/loading.lua:100]: Preload file at: file:///home/oscar/.dotfiles/emacs/.config/emacs/mason/packages/lua-language-server/libexec/meta/3rd/Cocos4.0/library/cc/Sprite3DMaterial.lua , size = 1.100 KB
[22:03:31.732][info] [#0:script/workspace/loading.lua:100]: Preload file at: file:///home/oscar/.dotfiles/emacs/.config/emacs/mason/packages/lua-language-server/libexec/meta/3rd/Cocos4.0/library/cc/SpriteBatchNode.lua , size = 6.760 KB
[22:03:31.740][info] [#0:script/workspace/loading.lua:100]: Preload file at: file:///home/oscar/.dotfiles/emacs/.config/emacs/mason/packages/lua-language-server/libexec/meta/3rd/Cocos4.0/library/cc/SpriteFrame.lua , size = 6.188 KB
[22:03:31.745][info] [#0:script/workspace/loading.lua:100]: Preload file at: file:///home/oscar/.dotfiles/emacs/.config/emacs/mason/packages/lua-language-server/libexec/meta/3rd/Cocos4.0/library/cc/SpriteFrameCache.lua , size = 4.512 KB
[22:03:31.749][info] [#0:script/workspace/loading.lua:100]: Preload file at: file:///home/oscar/.dotfiles/emacs/.config/emacs/mason/packages/lua-language-server/libexec/meta/3rd/Cocos4.0/library/cc/StopGrid.lua , size = 0.500 KB
[22:03:31.750][info] [#0:script/workspace/loading.lua:100]: Preload file at: file:///home/oscar/.dotfiles/emacs/.config/emacs/mason/packages/lua-language-server/libexec/meta/3rd/Cocos4.0/library/cc/TMXLayer.lua , size = 5.364 KB
[22:03:31.754][info] [#0:script/workspace/loading.lua:100]: Preload file at: file:///home/oscar/.dotfiles/emacs/.config/emacs/mason/packages/lua-language-server/libexec/meta/3rd/Cocos4.0/library/cc/TMXLayerInfo.lua , size = 0.334 KB
[22:03:31.770][info] [#0:script/workspace/loading.lua:100]: Preload file at: file:///home/oscar/.dotfiles/emacs/.config/emacs/mason/packages/lua-language-server/libexec/meta/3rd/Cocos4.0/library/cc/TMXMapInfo.lua , size = 4.253 KB
[22:03:31.776][info] [#0:script/workspace/loading.lua:100]: Preload file at: file:///home/oscar/.dotfiles/emacs/.config/emacs/mason/packages/lua-language-server/libexec/meta/3rd/Cocos4.0/library/cc/TMXObjectGroup.lua , size = 2.016 KB
[22:03:31.778][info] [#0:script/workspace/loading.lua:100]: Preload file at: file:///home/oscar/.dotfiles/emacs/.config/emacs/mason/packages/lua-language-server/libexec/meta/3rd/Cocos4.0/library/cc/TMXTiledMap.lua , size = 3.700 KB
[22:03:31.782][info] [#0:script/workspace/loading.lua:100]: Preload file at: file:///home/oscar/.dotfiles/emacs/.config/emacs/mason/packages/lua-language-server/libexec/meta/3rd/Cocos4.0/library/cc/TMXTilesetInfo.lua , size = 0.276 KB
[22:03:31.783][info] [#0:script/workspace/loading.lua:100]: Preload file at: file:///home/oscar/.dotfiles/emacs/.config/emacs/mason/packages/lua-language-server/libexec/meta/3rd/Cocos4.0/library/cc/TableView.lua , size = 2.298 KB
[22:03:31.785][info] [#0:script/workspace/loading.lua:100]: Preload file at: file:///home/oscar/.dotfiles/emacs/.config/emacs/mason/packages/lua-language-server/libexec/meta/3rd/Cocos4.0/library/cc/TableViewCell.lua , size = 0.547 KB
[22:03:31.787][info] [#0:script/workspace/loading.lua:100]: Preload file at: file:///home/oscar/.dotfiles/emacs/.config/emacs/mason/packages/lua-language-server/libexec/meta/3rd/Cocos4.0/library/cc/TargetedAction.lua , size = 1.460 KB
[22:03:31.789][info] [#0:script/workspace/loading.lua:100]: Preload file at: file:///home/oscar/.dotfiles/emacs/.config/emacs/mason/packages/lua-language-server/libexec/meta/3rd/Cocos4.0/library/cc/Technique.lua , size = 1.156 KB
[22:03:31.791][info] [#0:script/workspace/loading.lua:100]: Preload file at: file:///home/oscar/.dotfiles/emacs/.config/emacs/mason/packages/lua-language-server/libexec/meta/3rd/Cocos4.0/library/cc/Terrain.lua , size = 3.620 KB
[22:03:31.795][info] [#0:script/workspace/loading.lua:100]: Preload file at: file:///home/oscar/.dotfiles/emacs/.config/emacs/mason/packages/lua-language-server/libexec/meta/3rd/Cocos4.0/library/cc/Texture2D.lua , size = 5.399 KB
[22:03:31.801][info] [#0:script/workspace/loading.lua:100]: Preload file at: file:///home/oscar/.dotfiles/emacs/.config/emacs/mason/packages/lua-language-server/libexec/meta/3rd/Cocos4.0/library/cc/TextureCache.lua , size = 3.850 KB
[22:03:31.804][info] [#0:script/workspace/loading.lua:100]: Preload file at: file:///home/oscar/.dotfiles/emacs/.config/emacs/mason/packages/lua-language-server/libexec/meta/3rd/Cocos4.0/library/cc/TextureCube.lua , size = 1.502 KB
[22:03:31.806][info] [#0:script/workspace/loading.lua:100]: Preload file at: file:///home/oscar/.dotfiles/emacs/.config/emacs/mason/packages/lua-language-server/libexec/meta/3rd/Cocos4.0/library/cc/TileMapAtlas.lua , size = 1.353 KB
[22:03:31.807][info] [#0:script/workspace/loading.lua:100]: Preload file at: file:///home/oscar/.dotfiles/emacs/.config/emacs/mason/packages/lua-language-server/libexec/meta/3rd/Cocos4.0/library/cc/TiledGrid3D.lua , size = 0.811 KB
[22:03:31.809][info] [#0:script/workspace/loading.lua:100]: Preload file at: file:///home/oscar/.dotfiles/emacs/.config/emacs/mason/packages/lua-language-server/libexec/meta/3rd/Cocos4.0/library/cc/TiledGrid3DAction.lua , size = 0.268 KB
[22:03:31.809][info] [#0:script/workspace/loading.lua:100]: Preload file at: file:///home/oscar/.dotfiles/emacs/.config/emacs/mason/packages/lua-language-server/libexec/meta/3rd/Cocos4.0/library/cc/Timer.lua , size = 0.598 KB
[22:03:31.811][info] [#0:script/workspace/loading.lua:100]: Preload file at: file:///home/oscar/.dotfiles/emacs/.config/emacs/mason/packages/lua-language-server/libexec/meta/3rd/Cocos4.0/library/cc/TintBy.lua , size = 1.117 KB
[22:03:31.812][info] [#0:script/workspace/loading.lua:100]: Preload file at: file:///home/oscar/.dotfiles/emacs/.config/emacs/mason/packages/lua-language-server/libexec/meta/3rd/Cocos4.0/library/cc/TintTo.lua , size = 1.016 KB
[22:03:31.814][info] [#0:script/workspace/loading.lua:100]: Preload file at: file:///home/oscar/.dotfiles/emacs/.config/emacs/mason/packages/lua-language-server/libexec/meta/3rd/Cocos4.0/library/cc/ToggleVisibility.lua , size = 0.566 KB
[22:03:31.815][info] [#0:script/workspace/loading.lua:100]: Preload file at: file:///home/oscar/.dotfiles/emacs/.config/emacs/mason/packages/lua-language-server/libexec/meta/3rd/Cocos4.0/library/cc/Touch.lua , size = 2.216 KB
[22:03:31.817][info] [#0:script/workspace/loading.lua:100]: Preload file at: file:///home/oscar/.dotfiles/emacs/.config/emacs/mason/packages/lua-language-server/libexec/meta/3rd/Cocos4.0/library/cc/TransitionCrossFade.lua , size = 0.693 KB
[22:03:31.818][info] [#0:script/workspace/loading.lua:100]: Preload file at: file:///home/oscar/.dotfiles/emacs/.config/emacs/mason/packages/lua-language-server/libexec/meta/3rd/Cocos4.0/library/cc/TransitionEaseScene.lua , size = 0.452 KB
[22:03:31.819][info] [#0:script/workspace/loading.lua:100]: Preload file at: file:///home/oscar/.dotfiles/emacs/.config/emacs/mason/packages/lua-language-server/libexec/meta/3rd/Cocos4.0/library/cc/TransitionFade.lua , size = 0.745 KB
[22:03:31.820][info] [#0:script/workspace/loading.lua:100]: Preload file at: file:///home/oscar/.dotfiles/emacs/.config/emacs/mason/packages/lua-language-server/libexec/meta/3rd/Cocos4.0/library/cc/TransitionFadeBL.lua , size = 0.599 KB
[22:03:31.821][info] [#0:script/workspace/loading.lua:100]: Preload file at: file:///home/oscar/.dotfiles/emacs/.config/emacs/mason/packages/lua-language-server/libexec/meta/3rd/Cocos4.0/library/cc/TransitionFadeDown.lua , size = 0.616 KB
[22:03:31.822][info] [#0:script/workspace/loading.lua:100]: Preload file at: file:///home/oscar/.dotfiles/emacs/.config/emacs/mason/packages/lua-language-server/libexec/meta/3rd/Cocos4.0/library/cc/TransitionFadeTR.lua , size = 1.082 KB
[22:03:31.853][info] [#0:script/workspace/loading.lua:100]: Preload file at: file:///home/oscar/.dotfiles/emacs/.config/emacs/mason/packages/lua-language-server/libexec/meta/3rd/Cocos4.0/library/cc/TransitionFadeUp.lua , size = 0.599 KB
[22:03:31.857][info] [#0:script/workspace/loading.lua:100]: Preload file at: file:///home/oscar/.dotfiles/emacs/.config/emacs/mason/packages/lua-language-server/libexec/meta/3rd/Cocos4.0/library/cc/TransitionFlipAngular.lua , size = 0.461 KB
[22:03:31.858][info] [#0:script/workspace/loading.lua:100]: Preload file at: file:///home/oscar/.dotfiles/emacs/.config/emacs/mason/packages/lua-language-server/libexec/meta/3rd/Cocos4.0/library/cc/TransitionFlipX.lua , size = 0.420 KB
[22:03:31.859][info] [#0:script/workspace/loading.lua:100]: Preload file at: file:///home/oscar/.dotfiles/emacs/.config/emacs/mason/packages/lua-language-server/libexec/meta/3rd/Cocos4.0/library/cc/TransitionFlipY.lua , size = 0.420 KB
[22:03:31.860][info] [#0:script/workspace/loading.lua:100]: Preload file at: file:///home/oscar/.dotfiles/emacs/.config/emacs/mason/packages/lua-language-server/libexec/meta/3rd/Cocos4.0/library/cc/TransitionJumpZoom.lua , size = 0.505 KB
[22:03:31.861][info] [#0:script/workspace/loading.lua:100]: Preload file at: file:///home/oscar/.dotfiles/emacs/.config/emacs/mason/packages/lua-language-server/libexec/meta/3rd/Cocos4.0/library/cc/TransitionMoveInB.lua , size = 0.499 KB
[22:03:31.862][info] [#0:script/workspace/loading.lua:100]: Preload file at: file:///home/oscar/.dotfiles/emacs/.config/emacs/mason/packages/lua-language-server/libexec/meta/3rd/Cocos4.0/library/cc/TransitionMoveInL.lua , size = 0.842 KB
[22:03:31.863][info] [#0:script/workspace/loading.lua:100]: Preload file at: file:///home/oscar/.dotfiles/emacs/.config/emacs/mason/packages/lua-language-server/libexec/meta/3rd/Cocos4.0/library/cc/TransitionMoveInR.lua , size = 0.499 KB
[22:03:31.864][info] [#0:script/workspace/loading.lua:100]: Preload file at: file:///home/oscar/.dotfiles/emacs/.config/emacs/mason/packages/lua-language-server/libexec/meta/3rd/Cocos4.0/library/cc/TransitionMoveInT.lua , size = 0.499 KB
[22:03:31.865][info] [#0:script/workspace/loading.lua:100]: Preload file at: file:///home/oscar/.dotfiles/emacs/.config/emacs/mason/packages/lua-language-server/libexec/meta/3rd/Cocos4.0/library/cc/TransitionPageTurn.lua , size = 1.913 KB
[22:03:31.866][info] [#0:script/workspace/loading.lua:100]: Preload file at: file:///home/oscar/.dotfiles/emacs/.config/emacs/mason/packages/lua-language-server/libexec/meta/3rd/Cocos4.0/library/cc/TransitionProgress.lua , size = 0.506 KB
[22:03:31.867][info] [#0:script/workspace/loading.lua:100]: Preload file at: file:///home/oscar/.dotfiles/emacs/.config/emacs/mason/packages/lua-language-server/libexec/meta/3rd/Cocos4.0/library/cc/TransitionProgressHorizontal.lua , size = 0.595 KB
[22:03:31.868][info] [#0:script/workspace/loading.lua:100]: Preload file at: file:///home/oscar/.dotfiles/emacs/.config/emacs/mason/packages/lua-language-server/libexec/meta/3rd/Cocos4.0/library/cc/TransitionProgressInOut.lua , size = 0.556 KB
[22:03:31.869][info] [#0:script/workspace/loading.lua:100]: Preload file at: file:///home/oscar/.dotfiles/emacs/.config/emacs/mason/packages/lua-language-server/libexec/meta/3rd/Cocos4.0/library/cc/TransitionProgressOutIn.lua , size = 0.556 KB
[22:03:31.870][info] [#0:script/workspace/loading.lua:100]: Preload file at: file:///home/oscar/.dotfiles/emacs/.config/emacs/mason/packages/lua-language-server/libexec/meta/3rd/Cocos4.0/library/cc/TransitionProgressRadialCCW.lua , size = 0.587 KB
[22:03:31.871][info] [#0:script/workspace/loading.lua:100]: Preload file at: file:///home/oscar/.dotfiles/emacs/.config/emacs/mason/packages/lua-language-server/libexec/meta/3rd/Cocos4.0/library/cc/TransitionProgressRadialCW.lua , size = 0.579 KB
[22:03:31.871][info] [#0:script/workspace/loading.lua:100]: Preload file at: file:///home/oscar/.dotfiles/emacs/.config/emacs/mason/packages/lua-language-server/libexec/meta/3rd/Cocos4.0/library/cc/TransitionProgressVertical.lua , size = 0.579 KB
[22:03:31.872][info] [#0:script/workspace/loading.lua:100]: Preload file at: file:///home/oscar/.dotfiles/emacs/.config/emacs/mason/packages/lua-language-server/libexec/meta/3rd/Cocos4.0/library/cc/TransitionRotoZoom.lua , size = 0.505 KB
[22:03:31.873][info] [#0:script/workspace/loading.lua:100]: Preload file at: file:///home/oscar/.dotfiles/emacs/.config/emacs/mason/packages/lua-language-server/libexec/meta/3rd/Cocos4.0/library/cc/TransitionScene.lua , size = 1.222 KB
[22:03:31.875][info] [#0:script/workspace/loading.lua:100]: Preload file at: file:///home/oscar/.dotfiles/emacs/.config/emacs/mason/packages/lua-language-server/libexec/meta/3rd/Cocos4.0/library/cc/TransitionSceneOriented.lua , size = 0.903 KB
[22:03:31.876][info] [#0:script/workspace/loading.lua:100]: Preload file at: file:///home/oscar/.dotfiles/emacs/.config/emacs/mason/packages/lua-language-server/libexec/meta/3rd/Cocos4.0/library/cc/TransitionShrinkGrow.lua , size = 0.702 KB
[22:03:31.877][info] [#0:script/workspace/loading.lua:100]: Preload file at: file:///home/oscar/.dotfiles/emacs/.config/emacs/mason/packages/lua-language-server/libexec/meta/3rd/Cocos4.0/library/cc/TransitionSlideInB.lua , size = 0.657 KB
[22:03:31.878][info] [#0:script/workspace/loading.lua:100]: Preload file at: file:///home/oscar/.dotfiles/emacs/.config/emacs/mason/packages/lua-language-server/libexec/meta/3rd/Cocos4.0/library/cc/TransitionSlideInL.lua , size = 0.919 KB
[22:03:31.879][info] [#0:script/workspace/loading.lua:100]: Preload file at: file:///home/oscar/.dotfiles/emacs/.config/emacs/mason/packages/lua-language-server/libexec/meta/3rd/Cocos4.0/library/cc/TransitionSlideInR.lua , size = 0.658 KB
[22:03:31.880][info] [#0:script/workspace/loading.lua:100]: Preload file at: file:///home/oscar/.dotfiles/emacs/.config/emacs/mason/packages/lua-language-server/libexec/meta/3rd/Cocos4.0/library/cc/TransitionSlideInT.lua , size = 0.657 KB
[22:03:31.881][info] [#0:script/workspace/loading.lua:100]: Preload file at: file:///home/oscar/.dotfiles/emacs/.config/emacs/mason/packages/lua-language-server/libexec/meta/3rd/Cocos4.0/library/cc/TransitionSplitCols.lua , size = 1.034 KB
[22:03:31.882][info] [#0:script/workspace/loading.lua:100]: Preload file at: file:///home/oscar/.dotfiles/emacs/.config/emacs/mason/packages/lua-language-server/libexec/meta/3rd/Cocos4.0/library/cc/TransitionSplitRows.lua , size = 0.591 KB
[22:03:31.883][info] [#0:script/workspace/loading.lua:100]: Preload file at: file:///home/oscar/.dotfiles/emacs/.config/emacs/mason/packages/lua-language-server/libexec/meta/3rd/Cocos4.0/library/cc/TransitionTurnOffTiles.lua , size = 0.902 KB
[22:03:31.884][info] [#0:script/workspace/loading.lua:100]: Preload file at: file:///home/oscar/.dotfiles/emacs/.config/emacs/mason/packages/lua-language-server/libexec/meta/3rd/Cocos4.0/library/cc/TransitionZoomFlipAngular.lua , size = 0.488 KB
[22:03:31.885][info] [#0:script/workspace/loading.lua:100]: Preload file at: file:///home/oscar/.dotfiles/emacs/.config/emacs/mason/packages/lua-language-server/libexec/meta/3rd/Cocos4.0/library/cc/TransitionZoomFlipX.lua , size = 0.447 KB
[22:03:31.886][info] [#0:script/workspace/loading.lua:100]: Preload file at: file:///home/oscar/.dotfiles/emacs/.config/emacs/mason/packages/lua-language-server/libexec/meta/3rd/Cocos4.0/library/cc/TransitionZoomFlipY.lua , size = 0.447 KB
[22:03:31.887][info] [#0:script/workspace/loading.lua:100]: Preload file at: file:///home/oscar/.dotfiles/emacs/.config/emacs/mason/packages/lua-language-server/libexec/meta/3rd/Cocos4.0/library/cc/TurnOffTiles.lua , size = 1.593 KB
[22:03:31.889][info] [#0:script/workspace/loading.lua:100]: Preload file at: file:///home/oscar/.dotfiles/emacs/.config/emacs/mason/packages/lua-language-server/libexec/meta/3rd/Cocos4.0/library/cc/Twirl.lua , size = 2.854 KB
[22:03:31.892][info] [#0:script/workspace/loading.lua:100]: Preload file at: file:///home/oscar/.dotfiles/emacs/.config/emacs/mason/packages/lua-language-server/libexec/meta/3rd/Cocos4.0/library/cc/UserDefault.lua , size = 3.116 KB
[22:03:31.895][info] [#0:script/workspace/loading.lua:100]: Preload file at: file:///home/oscar/.dotfiles/emacs/.config/emacs/mason/packages/lua-language-server/libexec/meta/3rd/Cocos4.0/library/cc/Waves.lua , size = 2.664 KB
[22:03:31.898][info] [#0:script/workspace/loading.lua:100]: Preload file at: file:///home/oscar/.dotfiles/emacs/.config/emacs/mason/packages/lua-language-server/libexec/meta/3rd/Cocos4.0/library/cc/Waves3D.lua , size = 2.242 KB
[22:03:31.900][info] [#0:script/workspace/loading.lua:100]: Preload file at: file:///home/oscar/.dotfiles/emacs/.config/emacs/mason/packages/lua-language-server/libexec/meta/3rd/Cocos4.0/library/cc/WavesTiles3D.lua , size = 2.386 KB
[22:03:31.902][info] [#0:script/workspace/loading.lua:100]: Preload file at: file:///home/oscar/.dotfiles/emacs/.config/emacs/mason/packages/lua-language-server/libexec/meta/3rd/Cocos4.0/library/ccb/Program.lua , size = 1.727 KB
[22:03:31.904][info] [#0:script/workspace/loading.lua:100]: Preload file at: file:///home/oscar/.dotfiles/emacs/.config/emacs/mason/packages/lua-language-server/libexec/meta/3rd/Cocos4.0/library/ccb/ProgramState.lua , size = 1.635 KB
[22:03:31.906][info] [#0:script/workspace/loading.lua:100]: Preload file at: file:///home/oscar/.dotfiles/emacs/.config/emacs/mason/packages/lua-language-server/libexec/meta/3rd/Cocos4.0/library/ccb/Texture2DBackend.lua , size = 3.576 KB
[22:03:31.925][info] [#0:script/workspace/loading.lua:100]: Preload file at: file:///home/oscar/.dotfiles/emacs/.config/emacs/mason/packages/lua-language-server/libexec/meta/3rd/Cocos4.0/library/ccb/TextureBackend.lua , size = 2.083 KB
[22:03:31.927][info] [#0:script/workspace/loading.lua:100]: Preload file at: file:///home/oscar/.dotfiles/emacs/.config/emacs/mason/packages/lua-language-server/libexec/meta/3rd/Cocos4.0/library/ccb/TextureCubemapBackend.lua , size = 0.475 KB
[22:03:31.928][info] [#0:script/workspace/loading.lua:100]: Preload file at: file:///home/oscar/.dotfiles/emacs/.config/emacs/mason/packages/lua-language-server/libexec/meta/3rd/Cocos4.0/library/ccb/VertexLayout.lua , size = 1.658 KB
[22:03:31.929][info] [#0:script/workspace/loading.lua:100]: Preload file at: file:///home/oscar/.dotfiles/emacs/.config/emacs/mason/packages/lua-language-server/libexec/meta/3rd/Cocos4.0/library/ccs/ActionFadeFrame.lua , size = 0.736 KB
[22:03:31.930][info] [#0:script/workspace/loading.lua:100]: Preload file at: file:///home/oscar/.dotfiles/emacs/.config/emacs/mason/packages/lua-language-server/libexec/meta/3rd/Cocos4.0/library/ccs/ActionFrame.lua , size = 1.789 KB
[22:03:31.932][info] [#0:script/workspace/loading.lua:100]: Preload file at: file:///home/oscar/.dotfiles/emacs/.config/emacs/mason/packages/lua-language-server/libexec/meta/3rd/Cocos4.0/library/ccs/ActionManagerEx.lua , size = 1.501 KB
[22:03:31.934][info] [#0:script/workspace/loading.lua:100]: Preload file at: file:///home/oscar/.dotfiles/emacs/.config/emacs/mason/packages/lua-language-server/libexec/meta/3rd/Cocos4.0/library/ccs/ActionMoveFrame.lua , size = 0.741 KB
[22:03:31.935][info] [#0:script/workspace/loading.lua:100]: Preload file at: file:///home/oscar/.dotfiles/emacs/.config/emacs/mason/packages/lua-language-server/libexec/meta/3rd/Cocos4.0/library/ccs/ActionObject.lua , size = 2.502 KB
[22:03:31.938][info] [#0:script/workspace/loading.lua:100]: Preload file at: file:///home/oscar/.dotfiles/emacs/.config/emacs/mason/packages/lua-language-server/libexec/meta/3rd/Cocos4.0/library/ccs/ActionRotationFrame.lua , size = 0.822 KB
[22:03:31.939][info] [#0:script/workspace/loading.lua:100]: Preload file at: file:///home/oscar/.dotfiles/emacs/.config/emacs/mason/packages/lua-language-server/libexec/meta/3rd/Cocos4.0/library/ccs/ActionScaleFrame.lua , size = 1.040 KB
[22:03:31.940][info] [#0:script/workspace/loading.lua:100]: Preload file at: file:///home/oscar/.dotfiles/emacs/.config/emacs/mason/packages/lua-language-server/libexec/meta/3rd/Cocos4.0/library/ccs/ActionTimeline.lua , size = 5.021 KB
[22:03:31.947][info] [#0:script/workspace/loading.lua:100]: Preload file at: file:///home/oscar/.dotfiles/emacs/.config/emacs/mason/packages/lua-language-server/libexec/meta/3rd/Cocos4.0/library/ccs/ActionTimelineCache.lua , size = 1.675 KB
[22:03:31.950][info] [#0:script/workspace/loading.lua:100]: Preload file at: file:///home/oscar/.dotfiles/emacs/.config/emacs/mason/packages/lua-language-server/libexec/meta/3rd/Cocos4.0/library/ccs/ActionTimelineData.lua , size = 0.546 KB
[22:03:31.951][info] [#0:script/workspace/loading.lua:100]: Preload file at: file:///home/oscar/.dotfiles/emacs/.config/emacs/mason/packages/lua-language-server/libexec/meta/3rd/Cocos4.0/library/ccs/ActionTimelineNode.lua , size = 0.868 KB
[22:03:31.953][info] [#0:script/workspace/loading.lua:100]: Preload file at: file:///home/oscar/.dotfiles/emacs/.config/emacs/mason/packages/lua-language-server/libexec/meta/3rd/Cocos4.0/library/ccs/ActionTintFrame.lua , size = 0.741 KB
[22:03:31.954][info] [#0:script/workspace/loading.lua:100]: Preload file at: file:///home/oscar/.dotfiles/emacs/.config/emacs/mason/packages/lua-language-server/libexec/meta/3rd/Cocos4.0/library/ccs/AlphaFrame.lua , size = 0.413 KB
[22:03:31.955][info] [#0:script/workspace/loading.lua:100]: Preload file at: file:///home/oscar/.dotfiles/emacs/.config/emacs/mason/packages/lua-language-server/libexec/meta/3rd/Cocos4.0/library/ccs/AnchorPointFrame.lua , size = 0.478 KB
[22:03:31.956][info] [#0:script/workspace/loading.lua:100]: Preload file at: file:///home/oscar/.dotfiles/emacs/.config/emacs/mason/packages/lua-language-server/libexec/meta/3rd/Cocos4.0/library/ccs/AnimationData.lua , size = 0.509 KB
[22:03:31.957][info] [#0:script/workspace/loading.lua:100]: Preload file at: file:///home/oscar/.dotfiles/emacs/.config/emacs/mason/packages/lua-language-server/libexec/meta/3rd/Cocos4.0/library/ccs/Armature.lua , size = 3.898 KB
[22:03:31.962][info] [#0:script/workspace/loading.lua:100]: Preload file at: file:///home/oscar/.dotfiles/emacs/.config/emacs/mason/packages/lua-language-server/libexec/meta/3rd/Cocos4.0/library/ccs/ArmatureAnimation.lua , size = 3.269 KB
[22:03:31.965][info] [#0:script/workspace/loading.lua:100]: Preload file at: file:///home/oscar/.dotfiles/emacs/.config/emacs/mason/packages/lua-language-server/libexec/meta/3rd/Cocos4.0/library/ccs/ArmatureData.lua , size = 0.478 KB
[22:03:31.967][info] [#0:script/workspace/loading.lua:100]: Preload file at: file:///home/oscar/.dotfiles/emacs/.config/emacs/mason/packages/lua-language-server/libexec/meta/3rd/Cocos4.0/library/ccs/ArmatureDataManager.lua , size = 3.567 KB
[22:03:31.970][info] [#0:script/workspace/loading.lua:100]: Preload file at: file:///home/oscar/.dotfiles/emacs/.config/emacs/mason/packages/lua-language-server/libexec/meta/3rd/Cocos4.0/library/ccs/ArmatureDisplayData.lua , size = 0.279 KB
[22:03:31.971][info] [#0:script/workspace/loading.lua:100]: Preload file at: file:///home/oscar/.dotfiles/emacs/.config/emacs/mason/packages/lua-language-server/libexec/meta/3rd/Cocos4.0/library/ccs/BaseData.lua , size = 0.344 KB
[22:03:31.972][info] [#0:script/workspace/loading.lua:100]: Preload file at: file:///home/oscar/.dotfiles/emacs/.config/emacs/mason/packages/lua-language-server/libexec/meta/3rd/Cocos4.0/library/ccs/BatchNode.lua , size = 0.724 KB
[22:03:31.974][info] [#0:script/workspace/loading.lua:100]: Preload file at: file:///home/oscar/.dotfiles/emacs/.config/emacs/mason/packages/lua-language-server/libexec/meta/3rd/Cocos4.0/library/ccs/BlendFuncFrame.lua , size = 0.466 KB
[22:03:31.975][info] [#0:script/workspace/loading.lua:100]: Preload file at: file:///home/oscar/.dotfiles/emacs/.config/emacs/mason/packages/lua-language-server/libexec/meta/3rd/Cocos4.0/library/ccs/Bone.lua , size = 4.267 KB
[22:03:32.004][info] [#0:script/workspace/loading.lua:100]: Preload file at: file:///home/oscar/.dotfiles/emacs/.config/emacs/mason/packages/lua-language-server/libexec/meta/3rd/Cocos4.0/library/ccs/BoneData.lua , size = 0.453 KB
[22:03:32.006][info] [#0:script/workspace/loading.lua:100]: Preload file at: file:///home/oscar/.dotfiles/emacs/.config/emacs/mason/packages/lua-language-server/libexec/meta/3rd/Cocos4.0/library/ccs/BoneNode.lua , size = 3.379 KB
[22:03:32.012][info] [#0:script/workspace/loading.lua:100]: Preload file at: file:///home/oscar/.dotfiles/emacs/.config/emacs/mason/packages/lua-language-server/libexec/meta/3rd/Cocos4.0/library/ccs/ColorFrame.lua , size = 0.413 KB
[22:03:32.013][info] [#0:script/workspace/loading.lua:100]: Preload file at: file:///home/oscar/.dotfiles/emacs/.config/emacs/mason/packages/lua-language-server/libexec/meta/3rd/Cocos4.0/library/ccs/ComAttribute.lua , size = 1.303 KB
[22:03:32.016][info] [#0:script/workspace/loading.lua:100]: Preload file at: file:///home/oscar/.dotfiles/emacs/.config/emacs/mason/packages/lua-language-server/libexec/meta/3rd/Cocos4.0/library/ccs/ComAudio.lua , size = 3.022 KB
[22:03:32.021][info] [#0:script/workspace/loading.lua:100]: Preload file at: file:///home/oscar/.dotfiles/emacs/.config/emacs/mason/packages/lua-language-server/libexec/meta/3rd/Cocos4.0/library/ccs/ComController.lua , size = 0.636 KB
[22:03:32.022][info] [#0:script/workspace/loading.lua:100]: Preload file at: file:///home/oscar/.dotfiles/emacs/.config/emacs/mason/packages/lua-language-server/libexec/meta/3rd/Cocos4.0/library/ccs/ComExtensionData.lua , size = 0.883 KB
[22:03:32.024][info] [#0:script/workspace/loading.lua:100]: Preload file at: file:///home/oscar/.dotfiles/emacs/.config/emacs/mason/packages/lua-language-server/libexec/meta/3rd/Cocos4.0/library/ccs/ComRender.lua , size = 0.688 KB
[22:03:32.025][info] [#0:script/workspace/loading.lua:100]: Preload file at: file:///home/oscar/.dotfiles/emacs/.config/emacs/mason/packages/lua-language-server/libexec/meta/3rd/Cocos4.0/library/ccs/ContourData.lua , size = 0.360 KB
[22:03:32.026][info] [#0:script/workspace/loading.lua:100]: Preload file at: file:///home/oscar/.dotfiles/emacs/.config/emacs/mason/packages/lua-language-server/libexec/meta/3rd/Cocos4.0/library/ccs/DisplayData.lua , size = 0.426 KB
[22:03:32.027][info] [#0:script/workspace/loading.lua:100]: Preload file at: file:///home/oscar/.dotfiles/emacs/.config/emacs/mason/packages/lua-language-server/libexec/meta/3rd/Cocos4.0/library/ccs/DisplayManager.lua , size = 2.839 KB
[22:03:32.030][info] [#0:script/workspace/loading.lua:100]: Preload file at: file:///home/oscar/.dotfiles/emacs/.config/emacs/mason/packages/lua-language-server/libexec/meta/3rd/Cocos4.0/library/ccs/EventFrame.lua , size = 0.530 KB
[22:03:32.031][info] [#0:script/workspace/loading.lua:100]: Preload file at: file:///home/oscar/.dotfiles/emacs/.config/emacs/mason/packages/lua-language-server/libexec/meta/3rd/Cocos4.0/library/ccs/Frame.lua , size = 1.132 KB
[22:03:32.033][info] [#0:script/workspace/loading.lua:100]: Preload file at: file:///home/oscar/.dotfiles/emacs/.config/emacs/mason/packages/lua-language-server/libexec/meta/3rd/Cocos4.0/library/ccs/FrameData.lua , size = 0.297 KB
[22:03:32.034][info] [#0:script/workspace/loading.lua:100]: Preload file at: file:///home/oscar/.dotfiles/emacs/.config/emacs/mason/packages/lua-language-server/libexec/meta/3rd/Cocos4.0/library/ccs/GUIReader.lua , size = 0.647 KB
[22:03:32.035][info] [#0:script/workspace/loading.lua:100]: Preload file at: file:///home/oscar/.dotfiles/emacs/.config/emacs/mason/packages/lua-language-server/libexec/meta/3rd/Cocos4.0/library/ccs/InnerActionFrame.lua , size = 1.219 KB
[22:03:32.037][info] [#0:script/workspace/loading.lua:100]: Preload file at: file:///home/oscar/.dotfiles/emacs/.config/emacs/mason/packages/lua-language-server/libexec/meta/3rd/Cocos4.0/library/ccs/MovementBoneData.lua , size = 0.514 KB
[22:03:32.038][info] [#0:script/workspace/loading.lua:100]: Preload file at: file:///home/oscar/.dotfiles/emacs/.config/emacs/mason/packages/lua-language-server/libexec/meta/3rd/Cocos4.0/library/ccs/MovementData.lua , size = 0.459 KB
[22:03:32.039][info] [#0:script/workspace/loading.lua:100]: Preload file at: file:///home/oscar/.dotfiles/emacs/.config/emacs/mason/packages/lua-language-server/libexec/meta/3rd/Cocos4.0/library/ccs/ParticleDisplayData.lua , size = 0.279 KB
[22:03:32.040][info] [#0:script/workspace/loading.lua:100]: Preload file at: file:///home/oscar/.dotfiles/emacs/.config/emacs/mason/packages/lua-language-server/libexec/meta/3rd/Cocos4.0/library/ccs/PlayableFrame.lua , size = 0.444 KB
[22:03:32.041][info] [#0:script/workspace/loading.lua:100]: Preload file at: file:///home/oscar/.dotfiles/emacs/.config/emacs/mason/packages/lua-language-server/libexec/meta/3rd/Cocos4.0/library/ccs/PositionFrame.lua , size = 0.702 KB
[22:03:32.042][info] [#0:script/workspace/loading.lua:100]: Preload file at: file:///home/oscar/.dotfiles/emacs/.config/emacs/mason/packages/lua-language-server/libexec/meta/3rd/Cocos4.0/library/ccs/RotationFrame.lua , size = 0.438 KB
[22:03:32.043][info] [#0:script/workspace/loading.lua:100]: Preload file at: file:///home/oscar/.dotfiles/emacs/.config/emacs/mason/packages/lua-language-server/libexec/meta/3rd/Cocos4.0/library/ccs/RotationSkewFrame.lua , size = 0.319 KB
[22:03:32.044][info] [#0:script/workspace/loading.lua:100]: Preload file at: file:///home/oscar/.dotfiles/emacs/.config/emacs/mason/packages/lua-language-server/libexec/meta/3rd/Cocos4.0/library/ccs/ScaleFrame.lua , size = 0.623 KB
[22:03:32.046][info] [#0:script/workspace/loading.lua:100]: Preload file at: file:///home/oscar/.dotfiles/emacs/.config/emacs/mason/packages/lua-language-server/libexec/meta/3rd/Cocos4.0/library/ccs/SceneReader.lua , size = 0.712 KB
[22:03:32.047][info] [#0:script/workspace/loading.lua:100]: Preload file at: file:///home/oscar/.dotfiles/emacs/.config/emacs/mason/packages/lua-language-server/libexec/meta/3rd/Cocos4.0/library/ccs/SkeletonNode.lua , size = 1.130 KB
[22:03:32.049][info] [#0:script/workspace/loading.lua:100]: Preload file at: file:///home/oscar/.dotfiles/emacs/.config/emacs/mason/packages/lua-language-server/libexec/meta/3rd/Cocos4.0/library/ccs/SkewFrame.lua , size = 0.522 KB
[22:03:32.050][info] [#0:script/workspace/loading.lua:100]: Preload file at: file:///home/oscar/.dotfiles/emacs/.config/emacs/mason/packages/lua-language-server/libexec/meta/3rd/Cocos4.0/library/ccs/Skin.lua , size = 1.188 KB
[22:03:32.052][info] [#0:script/workspace/loading.lua:100]: Preload file at: file:///home/oscar/.dotfiles/emacs/.config/emacs/mason/packages/lua-language-server/libexec/meta/3rd/Cocos4.0/library/ccs/SpriteDisplayData.lua , size = 0.371 KB
[22:03:32.053][info] [#0:script/workspace/loading.lua:100]: Preload file at: file:///home/oscar/.dotfiles/emacs/.config/emacs/mason/packages/lua-language-server/libexec/meta/3rd/Cocos4.0/library/ccs/TextureData.lua , size = 0.477 KB
[22:03:32.054][info] [#0:script/workspace/loading.lua:100]: Preload file at: file:///home/oscar/.dotfiles/emacs/.config/emacs/mason/packages/lua-language-server/libexec/meta/3rd/Cocos4.0/library/ccs/TextureFrame.lua , size = 0.524 KB
[22:03:32.055][info] [#0:script/workspace/loading.lua:100]: Preload file at: file:///home/oscar/.dotfiles/emacs/.config/emacs/mason/packages/lua-language-server/libexec/meta/3rd/Cocos4.0/library/ccs/Timeline.lua , size = 1.200 KB
[22:03:32.057][info] [#0:script/workspace/loading.lua:100]: Preload file at: file:///home/oscar/.dotfiles/emacs/.config/emacs/mason/packages/lua-language-server/libexec/meta/3rd/Cocos4.0/library/ccs/Tween.lua , size = 1.704 KB
[22:03:32.059][info] [#0:script/workspace/loading.lua:100]: Preload file at: file:///home/oscar/.dotfiles/emacs/.config/emacs/mason/packages/lua-language-server/libexec/meta/3rd/Cocos4.0/library/ccs/VisibleFrame.lua , size = 0.428 KB
[22:03:32.060][info] [#0:script/workspace/loading.lua:100]: Preload file at: file:///home/oscar/.dotfiles/emacs/.config/emacs/mason/packages/lua-language-server/libexec/meta/3rd/Cocos4.0/library/ccs/ZOrderFrame.lua , size = 0.407 KB
[22:03:32.061][info] [#0:script/workspace/loading.lua:100]: Preload file at: file:///home/oscar/.dotfiles/emacs/.config/emacs/mason/packages/lua-language-server/libexec/meta/3rd/Cocos4.0/library/ccui/AbstractCheckButton.lua , size = 5.384 KB
[22:03:32.080][info] [#0:script/workspace/loading.lua:100]: Preload file at: file:///home/oscar/.dotfiles/emacs/.config/emacs/mason/packages/lua-language-server/libexec/meta/3rd/Cocos4.0/library/ccui/Button.lua , size = 7.547 KB
[22:03:32.088][info] [#0:script/workspace/loading.lua:100]: Preload file at: file:///home/oscar/.dotfiles/emacs/.config/emacs/mason/packages/lua-language-server/libexec/meta/3rd/Cocos4.0/library/ccui/CheckBox.lua , size = 1.060 KB
[22:03:32.090][info] [#0:script/workspace/loading.lua:100]: Preload file at: file:///home/oscar/.dotfiles/emacs/.config/emacs/mason/packages/lua-language-server/libexec/meta/3rd/Cocos4.0/library/ccui/EditBox.lua , size = 11.863 KB
[22:03:32.100][info] [#0:script/workspace/loading.lua:100]: Preload file at: file:///home/oscar/.dotfiles/emacs/.config/emacs/mason/packages/lua-language-server/libexec/meta/3rd/Cocos4.0/library/ccui/HBox.lua , size = 0.444 KB
[22:03:32.102][info] [#0:script/workspace/loading.lua:100]: Preload file at: file:///home/oscar/.dotfiles/emacs/.config/emacs/mason/packages/lua-language-server/libexec/meta/3rd/Cocos4.0/library/ccui/Helper.lua , size = 2.862 KB
[22:03:32.105][info] [#0:script/workspace/loading.lua:100]: Preload file at: file:///home/oscar/.dotfiles/emacs/.config/emacs/mason/packages/lua-language-server/libexec/meta/3rd/Cocos4.0/library/ccui/ImageView.lua , size = 2.977 KB
[22:03:32.108][info] [#0:script/workspace/loading.lua:100]: Preload file at: file:///home/oscar/.dotfiles/emacs/.config/emacs/mason/packages/lua-language-server/libexec/meta/3rd/Cocos4.0/library/ccui/Layout.lua , size = 8.391 KB
[22:03:32.115][info] [#0:script/workspace/loading.lua:100]: Preload file at: file:///home/oscar/.dotfiles/emacs/.config/emacs/mason/packages/lua-language-server/libexec/meta/3rd/Cocos4.0/library/ccui/LayoutComponent.lua , size = 9.731 KB
[22:03:32.122][info] [#0:script/workspace/loading.lua:100]: Preload file at: file:///home/oscar/.dotfiles/emacs/.config/emacs/mason/packages/lua-language-server/libexec/meta/3rd/Cocos4.0/library/ccui/LayoutParameter.lua , size = 1.051 KB
[22:03:32.124][info] [#0:script/workspace/loading.lua:100]: Preload file at: file:///home/oscar/.dotfiles/emacs/.config/emacs/mason/packages/lua-language-server/libexec/meta/3rd/Cocos4.0/library/ccui/LinearLayoutParameter.lua , size = 1.047 KB
[22:03:32.125][info] [#0:script/workspace/loading.lua:100]: Preload file at: file:///home/oscar/.dotfiles/emacs/.config/emacs/mason/packages/lua-language-server/libexec/meta/3rd/Cocos4.0/library/ccui/ListView.lua , size = 10.846 KB
[22:03:32.150][info] [#0:script/workspace/loading.lua:100]: Preload file at: file:///home/oscar/.dotfiles/emacs/.config/emacs/mason/packages/lua-language-server/libexec/meta/3rd/Cocos4.0/library/ccui/LoadingBar.lua , size = 2.740 KB
[22:03:32.153][info] [#0:script/workspace/loading.lua:100]: Preload file at: file:///home/oscar/.dotfiles/emacs/.config/emacs/mason/packages/lua-language-server/libexec/meta/3rd/Cocos4.0/library/ccui/PageView.lua , size = 6.413 KB
[22:03:32.158][info] [#0:script/workspace/loading.lua:100]: Preload file at: file:///home/oscar/.dotfiles/emacs/.config/emacs/mason/packages/lua-language-server/libexec/meta/3rd/Cocos4.0/library/ccui/RadioButton.lua , size = 1.096 KB
[22:03:32.160][info] [#0:script/workspace/loading.lua:100]: Preload file at: file:///home/oscar/.dotfiles/emacs/.config/emacs/mason/packages/lua-language-server/libexec/meta/3rd/Cocos4.0/library/ccui/RadioButtonGroup.lua , size = 2.799 KB
[22:03:32.162][info] [#0:script/workspace/loading.lua:100]: Preload file at: file:///home/oscar/.dotfiles/emacs/.config/emacs/mason/packages/lua-language-server/libexec/meta/3rd/Cocos4.0/library/ccui/RelativeBox.lua , size = 0.507 KB
[22:03:32.163][info] [#0:script/workspace/loading.lua:100]: Preload file at: file:///home/oscar/.dotfiles/emacs/.config/emacs/mason/packages/lua-language-server/libexec/meta/3rd/Cocos4.0/library/ccui/RelativeLayoutParameter.lua , size = 1.792 KB
[22:03:32.165][info] [#0:script/workspace/loading.lua:100]: Preload file at: file:///home/oscar/.dotfiles/emacs/.config/emacs/mason/packages/lua-language-server/libexec/meta/3rd/Cocos4.0/library/ccui/RichElement.lua , size = 0.793 KB
[22:03:32.166][info] [#0:script/workspace/loading.lua:100]: Preload file at: file:///home/oscar/.dotfiles/emacs/.config/emacs/mason/packages/lua-language-server/libexec/meta/3rd/Cocos4.0/library/ccui/RichElementCustomNode.lua , size = 1.259 KB
[22:03:32.168][info] [#0:script/workspace/loading.lua:100]: Preload file at: file:///home/oscar/.dotfiles/emacs/.config/emacs/mason/packages/lua-language-server/libexec/meta/3rd/Cocos4.0/library/ccui/RichElementImage.lua , size = 1.804 KB
[22:03:32.170][info] [#0:script/workspace/loading.lua:100]: Preload file at: file:///home/oscar/.dotfiles/emacs/.config/emacs/mason/packages/lua-language-server/libexec/meta/3rd/Cocos4.0/library/ccui/RichElementNewLine.lua , size = 0.649 KB
[22:03:32.170][info] [#0:script/workspace/loading.lua:100]: Preload file at: file:///home/oscar/.dotfiles/emacs/.config/emacs/mason/packages/lua-language-server/libexec/meta/3rd/Cocos4.0/library/ccui/RichElementText.lua , size = 3.038 KB
[22:03:32.173][info] [#0:script/workspace/loading.lua:100]: Preload file at: file:///home/oscar/.dotfiles/emacs/.config/emacs/mason/packages/lua-language-server/libexec/meta/3rd/Cocos4.0/library/ccui/RichText.lua , size = 5.298 KB
[22:03:32.180][info] [#0:script/workspace/loading.lua:100]: Preload file at: file:///home/oscar/.dotfiles/emacs/.config/emacs/mason/packages/lua-language-server/libexec/meta/3rd/Cocos4.0/library/ccui/Scale9Sprite.lua , size = 9.171 KB
[22:03:32.188][info] [#0:script/workspace/loading.lua:100]: Preload file at: file:///home/oscar/.dotfiles/emacs/.config/emacs/mason/packages/lua-language-server/libexec/meta/3rd/Cocos4.0/library/ccui/ScrollView.lua , size = 14.854 KB
[22:03:32.212][info] [#0:script/workspace/loading.lua:100]: Preload file at: file:///home/oscar/.dotfiles/emacs/.config/emacs/mason/packages/lua-language-server/libexec/meta/3rd/Cocos4.0/library/ccui/Slider.lua , size = 6.250 KB
[22:03:32.218][info] [#0:script/workspace/loading.lua:100]: Preload file at: file:///home/oscar/.dotfiles/emacs/.config/emacs/mason/packages/lua-language-server/libexec/meta/3rd/Cocos4.0/library/ccui/TabControl.lua , size = 3.646 KB
[22:03:32.221][info] [#0:script/workspace/loading.lua:100]: Preload file at: file:///home/oscar/.dotfiles/emacs/.config/emacs/mason/packages/lua-language-server/libexec/meta/3rd/Cocos4.0/library/ccui/TabHeader.lua , size = 2.216 KB
[22:03:32.224][info] [#0:script/workspace/loading.lua:100]: Preload file at: file:///home/oscar/.dotfiles/emacs/.config/emacs/mason/packages/lua-language-server/libexec/meta/3rd/Cocos4.0/library/ccui/Text.lua , size = 6.893 KB
[22:03:32.230][info] [#0:script/workspace/loading.lua:100]: Preload file at: file:///home/oscar/.dotfiles/emacs/.config/emacs/mason/packages/lua-language-server/libexec/meta/3rd/Cocos4.0/library/ccui/TextAtlas.lua , size = 2.216 KB
[22:03:32.233][info] [#0:script/workspace/loading.lua:100]: Preload file at: file:///home/oscar/.dotfiles/emacs/.config/emacs/mason/packages/lua-language-server/libexec/meta/3rd/Cocos4.0/library/ccui/TextBMFont.lua , size = 1.503 KB
[22:03:32.235][info] [#0:script/workspace/loading.lua:100]: Preload file at: file:///home/oscar/.dotfiles/emacs/.config/emacs/mason/packages/lua-language-server/libexec/meta/3rd/Cocos4.0/library/ccui/TextField.lua , size = 8.536 KB
[22:03:32.243][info] [#0:script/workspace/loading.lua:100]: Preload file at: file:///home/oscar/.dotfiles/emacs/.config/emacs/mason/packages/lua-language-server/libexec/meta/3rd/Cocos4.0/library/ccui/VBox.lua , size = 0.444 KB
[22:03:32.244][info] [#0:script/workspace/loading.lua:100]: Preload file at: file:///home/oscar/.dotfiles/emacs/.config/emacs/mason/packages/lua-language-server/libexec/meta/3rd/Cocos4.0/library/ccui/VideoPlayer.lua , size = 3.946 KB
[22:03:32.248][info] [#0:script/workspace/loading.lua:100]: Preload file at: file:///home/oscar/.dotfiles/emacs/.config/emacs/mason/packages/lua-language-server/libexec/meta/3rd/Cocos4.0/library/ccui/WebView.lua , size = 2.722 KB
[22:03:32.251][info] [#0:script/workspace/loading.lua:100]: Preload file at: file:///home/oscar/.dotfiles/emacs/.config/emacs/mason/packages/lua-language-server/libexec/meta/3rd/Cocos4.0/library/ccui/Widget.lua , size = 16.001 KB
[22:03:32.263][info] [#0:script/workspace/loading.lua:100]: Preload file at: file:///home/oscar/.dotfiles/emacs/.config/emacs/mason/packages/lua-language-server/libexec/meta/3rd/Cocos4.0/library/global.lua , size = 2.785 KB
[22:03:32.277][info] [#0:script/workspace/loading.lua:100]: Preload file at: file:///home/oscar/.dotfiles/emacs/.config/emacs/mason/packages/lua-language-server/libexec/meta/3rd/Cocos4.0/library/sp/SkeletonAnimation.lua , size = 3.215 KB
[22:03:32.283][info] [#0:script/workspace/loading.lua:100]: Preload file at: file:///home/oscar/.dotfiles/emacs/.config/emacs/mason/packages/lua-language-server/libexec/meta/3rd/Cocos4.0/library/sp/SkeletonRenderer.lua , size = 3.669 KB
[22:03:32.288][info] [#0:script/workspace/loading.lua:100]: Preload file at: file:///home/oscar/.dotfiles/emacs/.config/emacs/mason/packages/lua-language-server/libexec/meta/3rd/Defold/library/base.lua , size = 1.782 KB
[22:03:32.291][info] [#0:script/workspace/loading.lua:100]: Preload file at: file:///home/oscar/.dotfiles/emacs/.config/emacs/mason/packages/lua-language-server/libexec/meta/3rd/Defold/library/buffer.lua , size = 2.713 KB
[22:03:32.294][info] [#0:script/workspace/loading.lua:100]: Preload file at: file:///home/oscar/.dotfiles/emacs/.config/emacs/mason/packages/lua-language-server/libexec/meta/3rd/Defold/library/built-ins.lua , size = 0.792 KB
[22:03:32.295][info] [#0:script/workspace/loading.lua:100]: Preload file at: file:///home/oscar/.dotfiles/emacs/.config/emacs/mason/packages/lua-language-server/libexec/meta/3rd/Defold/library/collection_factory.lua , size = 3.291 KB
[22:03:32.297][info] [#0:script/workspace/loading.lua:100]: Preload file at: file:///home/oscar/.dotfiles/emacs/.config/emacs/mason/packages/lua-language-server/libexec/meta/3rd/Defold/library/collection_proxy.lua , size = 0.240 KB
[22:03:32.297][info] [#0:script/workspace/loading.lua:100]: Preload file at: file:///home/oscar/.dotfiles/emacs/.config/emacs/mason/packages/lua-language-server/libexec/meta/3rd/Defold/library/collision_object.lua , size = 8.680 KB
[22:03:32.303][info] [#0:script/workspace/loading.lua:100]: Preload file at: file:///home/oscar/.dotfiles/emacs/.config/emacs/mason/packages/lua-language-server/libexec/meta/3rd/Defold/library/factory.lua , size = 2.830 KB
[22:03:32.310][info] [#0:script/workspace/loading.lua:100]: Preload file at: file:///home/oscar/.dotfiles/emacs/.config/emacs/mason/packages/lua-language-server/libexec/meta/3rd/Defold/library/game_object.lua , size = 19.007 KB
[22:03:32.346][info] [#0:script/workspace/loading.lua:100]: Preload file at: file:///home/oscar/.dotfiles/emacs/.config/emacs/mason/packages/lua-language-server/libexec/meta/3rd/Defold/library/gui.lua , size = 37.633 KB
[22:03:32.416][info] [#0:script/workspace/loading.lua:100]: Preload file at: file:///home/oscar/.dotfiles/emacs/.config/emacs/mason/packages/lua-language-server/libexec/meta/3rd/Defold/library/html5.lua , size = 1.062 KB
[22:03:32.417][info] [#0:script/workspace/loading.lua:100]: Preload file at: file:///home/oscar/.dotfiles/emacs/.config/emacs/mason/packages/lua-language-server/libexec/meta/3rd/Defold/library/http.lua , size = 0.777 KB
[22:03:32.419][info] [#0:script/workspace/loading.lua:100]: Preload file at: file:///home/oscar/.dotfiles/emacs/.config/emacs/mason/packages/lua-language-server/libexec/meta/3rd/Defold/library/image.lua , size = 0.550 KB
[22:03:32.420][info] [#0:script/workspace/loading.lua:100]: Preload file at: file:///home/oscar/.dotfiles/emacs/.config/emacs/mason/packages/lua-language-server/libexec/meta/3rd/Defold/library/json.lua , size = 0.474 KB
[22:03:32.421][info] [#0:script/workspace/loading.lua:100]: Preload file at: file:///home/oscar/.dotfiles/emacs/.config/emacs/mason/packages/lua-language-server/libexec/meta/3rd/Defold/library/label.lua , size = 0.615 KB
[22:03:32.625][info] [#0:script/workspace/loading.lua:100]: Preload file at: file:///home/oscar/.dotfiles/emacs/.config/emacs/mason/packages/lua-language-server/libexec/meta/3rd/Defold/library/message.lua , size = 1.882 KB
[22:03:32.628][info] [#0:script/workspace/loading.lua:100]: Preload file at: file:///home/oscar/.dotfiles/emacs/.config/emacs/mason/packages/lua-language-server/libexec/meta/3rd/Defold/library/luasocket.lua , size = 38.395 KB
[22:03:32.656][info] [#0:script/workspace/loading.lua:100]: Preload file at: file:///home/oscar/.dotfiles/emacs/.config/emacs/mason/packages/lua-language-server/libexec/meta/3rd/Defold/library/model.lua , size = 1.911 KB
[22:03:32.659][info] [#0:script/workspace/loading.lua:100]: Preload file at: file:///home/oscar/.dotfiles/emacs/.config/emacs/mason/packages/lua-language-server/libexec/meta/3rd/Defold/library/particle_effects.lua , size = 2.718 KB
[22:03:32.662][info] [#0:script/workspace/loading.lua:100]: Preload file at: file:///home/oscar/.dotfiles/emacs/.config/emacs/mason/packages/lua-language-server/libexec/meta/3rd/Defold/library/profiler.lua , size = 4.225 KB
[22:03:32.666][info] [#0:script/workspace/loading.lua:100]: Preload file at: file:///home/oscar/.dotfiles/emacs/.config/emacs/mason/packages/lua-language-server/libexec/meta/3rd/Defold/library/render.lua , size = 21.682 KB
[22:03:32.679][info] [#0:script/workspace/loading.lua:100]: Preload file at: file:///home/oscar/.dotfiles/emacs/.config/emacs/mason/packages/lua-language-server/libexec/meta/3rd/Defold/library/resource.lua , size = 7.729 KB
[22:03:32.686][info] [#0:script/workspace/loading.lua:100]: Preload file at: file:///home/oscar/.dotfiles/emacs/.config/emacs/mason/packages/lua-language-server/libexec/meta/3rd/Defold/library/sound.lua , size = 5.683 KB
[22:03:32.691][info] [#0:script/workspace/loading.lua:100]: Preload file at: file:///home/oscar/.dotfiles/emacs/.config/emacs/mason/packages/lua-language-server/libexec/meta/3rd/Defold/library/sprite.lua , size = 1.649 KB
[22:03:32.693][info] [#0:script/workspace/loading.lua:100]: Preload file at: file:///home/oscar/.dotfiles/emacs/.config/emacs/mason/packages/lua-language-server/libexec/meta/3rd/Defold/library/system.lua , size = 8.564 KB
[22:03:32.701][info] [#0:script/workspace/loading.lua:100]: Preload file at: file:///home/oscar/.dotfiles/emacs/.config/emacs/mason/packages/lua-language-server/libexec/meta/3rd/Defold/library/tilemap.lua , size = 3.405 KB
[22:03:32.706][info] [#0:script/workspace/loading.lua:100]: Preload file at: file:///home/oscar/.dotfiles/emacs/.config/emacs/mason/packages/lua-language-server/libexec/meta/3rd/Defold/library/timer.lua , size = 1.765 KB
[22:03:32.709][info] [#0:script/workspace/loading.lua:100]: Preload file at: file:///home/oscar/.dotfiles/emacs/.config/emacs/mason/packages/lua-language-server/libexec/meta/3rd/Defold/library/vector_math.lua , size = 16.896 KB
[22:03:32.724][info] [#0:script/workspace/loading.lua:100]: Preload file at: file:///home/oscar/.dotfiles/emacs/.config/emacs/mason/packages/lua-language-server/libexec/meta/3rd/Defold/library/window.lua , size = 2.341 KB
[22:03:32.726][info] [#0:script/workspace/loading.lua:100]: Preload file at: file:///home/oscar/.dotfiles/emacs/.config/emacs/mason/packages/lua-language-server/libexec/meta/3rd/Defold/library/zlib.lua , size = 0.425 KB
[22:03:32.842][info] [#0:script/workspace/loading.lua:100]: Preload file at: file:///home/oscar/.dotfiles/emacs/.config/emacs/mason/packages/lua-language-server/libexec/meta/3rd/OpenResty/library/cjson/safe.lua , size = 1.151 KB
[22:03:32.844][info] [#0:script/workspace/loading.lua:100]: Preload file at: file:///home/oscar/.dotfiles/emacs/.config/emacs/mason/packages/lua-language-server/libexec/meta/3rd/Jass/library/jass/common.lua , size = 438.289 KB
[22:03:33.250][warn] [#0:script/files.lua:560]: Parse LuaDoc of [file:///home/oscar/.dotfiles/emacs/.config/emacs/mason/packages/lua-language-server/libexec/meta/3rd/Jass/library/jass/common.lua] takes [0.301] sec, size [448.808] kb.
[22:03:33.284][info] [#0:script/workspace/loading.lua:100]: Preload file at: file:///home/oscar/.dotfiles/emacs/.config/emacs/mason/packages/lua-language-server/libexec/meta/3rd/OpenResty/library/cjson.lua , size = 16.269 KB
[22:03:33.290][info] [#0:script/workspace/loading.lua:100]: Preload file at: file:///home/oscar/.dotfiles/emacs/.config/emacs/mason/packages/lua-language-server/libexec/meta/3rd/OpenResty/library/jit.lua , size = 1.122 KB
[22:03:33.291][info] [#0:script/workspace/loading.lua:100]: Preload file at: file:///home/oscar/.dotfiles/emacs/.config/emacs/mason/packages/lua-language-server/libexec/meta/3rd/OpenResty/library/ndk.lua , size = 0.045 KB
[22:03:33.292][warn] [#0:script/proto/proto.lua:189]: Method [textDocument/completion] takes [0.758]sec. {
  id = 16,
  jsonrpc = "2.0",
  method = "textDocument/completion",
  params = {
    context = {
      triggerCharacter = "'",
      triggerKind = 2
    },
    position = {
      character = 40,
      line = 9
    },
    textDocument = {
      uri = "file:///home/oscar/.dotfiles/elephant/.config/elephant/menus/wallpapers.lua"
    }
  }
}
[22:03:33.292][info] [#0:script/workspace/loading.lua:100]: Preload file at: file:///home/oscar/.dotfiles/emacs/.config/emacs/mason/packages/lua-language-server/libexec/meta/3rd/OpenResty/library/ngx/base64.lua , size = 0.543 KB
[22:03:33.293][warn] [#0:script/proto/proto.lua:189]: Method [textDocument/hover] takes [0.759]sec. {
  id = 17,
  jsonrpc = "2.0",
  method = "textDocument/hover",
  params = {
    position = {
      character = 40,
      line = 9
    },
    textDocument = {
      uri = "file:///home/oscar/.dotfiles/elephant/.config/elephant/menus/wallpapers.lua"
    }
  }
}
[22:03:33.293][warn] [#0:script/proto/proto.lua:189]: Method [textDocument/inlayHint] takes [0.555]sec. {
  id = 19,
  jsonrpc = "2.0",
  method = "textDocument/inlayHint",
  params = {
    range = {
      end = {
        character = 0,
        line = 38
      },
      start = {
        character = 0,
        line = 9
      }
    },
    textDocument = {
      uri = "file:///home/oscar/.dotfiles/elephant/.config/elephant/menus/wallpapers.lua"
    }
  }
}
[22:03:33.394][info] [#0:script/workspace/loading.lua:100]: Preload file at: file:///home/oscar/.dotfiles/emacs/.config/emacs/mason/packages/lua-language-server/libexec/meta/3rd/OpenResty/library/ngx/errlog.lua , size = 4.446 KB
[22:03:33.396][info] [#0:script/workspace/loading.lua:100]: Preload file at: file:///home/oscar/.dotfiles/emacs/.config/emacs/mason/packages/lua-language-server/libexec/meta/3rd/OpenResty/library/ngx/balancer.lua , size = 5.385 KB
[22:03:33.499][info] [#0:script/workspace/loading.lua:100]: Preload file at: file:///home/oscar/.dotfiles/emacs/.config/emacs/mason/packages/lua-language-server/libexec/meta/3rd/OpenResty/library/ngx/ocsp.lua , size = 3.444 KB
[22:03:33.501][info] [#0:script/workspace/loading.lua:100]: Preload file at: file:///home/oscar/.dotfiles/emacs/.config/emacs/mason/packages/lua-language-server/libexec/meta/3rd/OpenResty/library/ngx/pipe.lua , size = 13.127 KB
[22:03:33.506][info] [#0:script/workspace/loading.lua:100]: Preload file at: file:///home/oscar/.dotfiles/emacs/.config/emacs/mason/packages/lua-language-server/libexec/meta/3rd/OpenResty/library/ngx/process.lua , size = 1.860 KB
[22:03:33.615][info] [#0:script/workspace/loading.lua:100]: Preload file at: file:///home/oscar/.dotfiles/emacs/.config/emacs/mason/packages/lua-language-server/libexec/meta/3rd/OpenResty/library/ngx/req.lua , size = 0.754 KB
[22:03:33.616][info] [#0:script/workspace/loading.lua:100]: Preload file at: file:///home/oscar/.dotfiles/emacs/.config/emacs/mason/packages/lua-language-server/libexec/meta/3rd/OpenResty/library/ngx/re.lua , size = 3.663 KB
[22:03:33.618][info] [#0:script/workspace/loading.lua:100]: Preload file at: file:///home/oscar/.dotfiles/emacs/.config/emacs/mason/packages/lua-language-server/libexec/meta/3rd/OpenResty/library/ngx/resp.lua , size = 0.688 KB
[22:03:33.719][info] [#0:script/workspace/loading.lua:100]: Preload file at: file:///home/oscar/.dotfiles/emacs/.config/emacs/mason/packages/lua-language-server/libexec/meta/3rd/OpenResty/library/ngx/ssl/clienthello.lua , size = 3.490 KB
[22:03:33.721][info] [#0:script/workspace/loading.lua:100]: Preload file at: file:///home/oscar/.dotfiles/emacs/.config/emacs/mason/packages/lua-language-server/libexec/meta/3rd/OpenResty/library/ngx/semaphore.lua , size = 2.218 KB
[22:03:33.723][info] [#0:script/workspace/loading.lua:100]: Preload file at: file:///home/oscar/.dotfiles/emacs/.config/emacs/mason/packages/lua-language-server/libexec/meta/3rd/OpenResty/library/ngx/ssl/session.lua , size = 2.009 KB
[22:03:33.724][info] [#0:script/workspace/loading.lua:100]: Preload file at: file:///home/oscar/.dotfiles/emacs/.config/emacs/mason/packages/lua-language-server/libexec/meta/3rd/OpenResty/library/ngx/ssl.lua , size = 11.337 KB
[22:03:33.730][info] [#0:script/workspace/loading.lua:100]: Preload file at: file:///home/oscar/.dotfiles/emacs/.config/emacs/mason/packages/lua-language-server/libexec/meta/3rd/OpenResty/library/ngx/upstream.lua , size = 0.279 KB
[22:03:33.833][info] [#0:script/workspace/loading.lua:100]: Preload file at: file:///home/oscar/.dotfiles/emacs/.config/emacs/mason/packages/lua-language-server/libexec/meta/3rd/OpenResty/library/prometheus.lua , size = 10.335 KB
[22:03:33.838][info] [#0:script/workspace/loading.lua:100]: Preload file at: file:///home/oscar/.dotfiles/emacs/.config/emacs/mason/packages/lua-language-server/libexec/meta/3rd/OpenResty/library/ngx.lua , size = 174.948 KB
[22:03:33.916][info] [#0:script/workspace/loading.lua:100]: Preload file at: file:///home/oscar/.dotfiles/emacs/.config/emacs/mason/packages/lua-language-server/libexec/meta/3rd/OpenResty/library/resty/aes.lua , size = 1.878 KB
[22:03:33.919][info] [#0:script/workspace/loading.lua:100]: Preload file at: file:///home/oscar/.dotfiles/emacs/.config/emacs/mason/packages/lua-language-server/libexec/meta/3rd/OpenResty/library/resty/core/base.lua , size = 1.157 KB
[22:03:33.920][info] [#0:script/workspace/loading.lua:100]: Preload file at: file:///home/oscar/.dotfiles/emacs/.config/emacs/mason/packages/lua-language-server/libexec/meta/3rd/OpenResty/library/resty/core/base64.lua , size = 0.123 KB
[22:03:33.921][info] [#0:script/workspace/loading.lua:100]: Preload file at: file:///home/oscar/.dotfiles/emacs/.config/emacs/mason/packages/lua-language-server/libexec/meta/3rd/OpenResty/library/resty/core/ctx.lua , size = 0.200 KB
[22:03:33.921][info] [#0:script/workspace/loading.lua:100]: Preload file at: file:///home/oscar/.dotfiles/emacs/.config/emacs/mason/packages/lua-language-server/libexec/meta/3rd/OpenResty/library/resty/core/exit.lua , size = 0.117 KB
[22:03:33.922][info] [#0:script/workspace/loading.lua:100]: Preload file at: file:///home/oscar/.dotfiles/emacs/.config/emacs/mason/packages/lua-language-server/libexec/meta/3rd/OpenResty/library/resty/core/hash.lua , size = 0.117 KB
[22:03:33.922][info] [#0:script/workspace/loading.lua:100]: Preload file at: file:///home/oscar/.dotfiles/emacs/.config/emacs/mason/packages/lua-language-server/libexec/meta/3rd/OpenResty/library/resty/core/misc.lua , size = 0.237 KB
[22:03:33.923][info] [#0:script/workspace/loading.lua:100]: Preload file at: file:///home/oscar/.dotfiles/emacs/.config/emacs/mason/packages/lua-language-server/libexec/meta/3rd/OpenResty/library/resty/core/ndk.lua , size = 0.114 KB
[22:03:33.924][info] [#0:script/workspace/loading.lua:100]: Preload file at: file:///home/oscar/.dotfiles/emacs/.config/emacs/mason/packages/lua-language-server/libexec/meta/3rd/OpenResty/library/resty/core/phase.lua , size = 0.120 KB
[22:03:33.924][info] [#0:script/workspace/loading.lua:100]: Preload file at: file:///home/oscar/.dotfiles/emacs/.config/emacs/mason/packages/lua-language-server/libexec/meta/3rd/OpenResty/library/resty/core/regex.lua , size = 1.739 KB
[22:03:33.926][info] [#0:script/workspace/loading.lua:100]: Preload file at: file:///home/oscar/.dotfiles/emacs/.config/emacs/mason/packages/lua-language-server/libexec/meta/3rd/OpenResty/library/resty/core/request.lua , size = 0.194 KB
[22:03:33.927][info] [#0:script/workspace/loading.lua:100]: Preload file at: file:///home/oscar/.dotfiles/emacs/.config/emacs/mason/packages/lua-language-server/libexec/meta/3rd/OpenResty/library/resty/core/response.lua , size = 0.179 KB
[22:03:33.927][info] [#0:script/workspace/loading.lua:100]: Preload file at: file:///home/oscar/.dotfiles/emacs/.config/emacs/mason/packages/lua-language-server/libexec/meta/3rd/OpenResty/library/resty/core/shdict.lua , size = 0.123 KB
[22:03:33.928][info] [#0:script/workspace/loading.lua:100]: Preload file at: file:///home/oscar/.dotfiles/emacs/.config/emacs/mason/packages/lua-language-server/libexec/meta/3rd/OpenResty/library/resty/core/time.lua , size = 0.117 KB
[22:03:33.929][info] [#0:script/workspace/loading.lua:100]: Preload file at: file:///home/oscar/.dotfiles/emacs/.config/emacs/mason/packages/lua-language-server/libexec/meta/3rd/OpenResty/library/resty/core/uri.lua , size = 0.114 KB
[22:03:33.929][info] [#0:script/workspace/loading.lua:100]: Preload file at: file:///home/oscar/.dotfiles/emacs/.config/emacs/mason/packages/lua-language-server/libexec/meta/3rd/OpenResty/library/resty/core/utils.lua , size = 0.271 KB
[22:03:33.930][info] [#0:script/workspace/loading.lua:100]: Preload file at: file:///home/oscar/.dotfiles/emacs/.config/emacs/mason/packages/lua-language-server/libexec/meta/3rd/OpenResty/library/resty/core/var.lua , size = 0.114 KB
[22:03:33.930][info] [#0:script/workspace/loading.lua:100]: Preload file at: file:///home/oscar/.dotfiles/emacs/.config/emacs/mason/packages/lua-language-server/libexec/meta/3rd/OpenResty/library/resty/core/worker.lua , size = 0.124 KB
[22:03:33.931][info] [#0:script/workspace/loading.lua:100]: Preload file at: file:///home/oscar/.dotfiles/emacs/.config/emacs/mason/packages/lua-language-server/libexec/meta/3rd/OpenResty/library/resty/core.lua , size = 0.103 KB
[22:03:34.032][info] [#0:script/workspace/loading.lua:100]: Preload file at: file:///home/oscar/.dotfiles/emacs/.config/emacs/mason/packages/lua-language-server/libexec/meta/3rd/OpenResty/library/resty/limit/conn.lua , size = 0.479 KB
[22:03:34.033][info] [#0:script/workspace/loading.lua:100]: Preload file at: file:///home/oscar/.dotfiles/emacs/.config/emacs/mason/packages/lua-language-server/libexec/meta/3rd/OpenResty/library/resty/dns/resolver.lua , size = 15.560 KB
[22:03:34.043][info] [#0:script/workspace/loading.lua:100]: Preload file at: file:///home/oscar/.dotfiles/emacs/.config/emacs/mason/packages/lua-language-server/libexec/meta/3rd/OpenResty/library/resty/limit/count.lua , size = 0.258 KB
[22:03:34.044][info] [#0:script/workspace/loading.lua:100]: Preload file at: file:///home/oscar/.dotfiles/emacs/.config/emacs/mason/packages/lua-language-server/libexec/meta/3rd/OpenResty/library/resty/limit/req.lua , size = 0.344 KB
[22:03:34.045][info] [#0:script/workspace/loading.lua:100]: Preload file at: file:///home/oscar/.dotfiles/emacs/.config/emacs/mason/packages/lua-language-server/libexec/meta/3rd/OpenResty/library/resty/limit/traffic.lua , size = 0.160 KB
[22:03:34.146][info] [#0:script/workspace/loading.lua:100]: Preload file at: file:///home/oscar/.dotfiles/emacs/.config/emacs/mason/packages/lua-language-server/libexec/meta/3rd/OpenResty/library/resty/lrucache/pureffi.lua , size = 0.838 KB
[22:03:34.147][info] [#0:script/workspace/loading.lua:100]: Preload file at: file:///home/oscar/.dotfiles/emacs/.config/emacs/mason/packages/lua-language-server/libexec/meta/3rd/OpenResty/library/resty/lock.lua , size = 4.964 KB
[22:03:34.150][info] [#0:script/workspace/loading.lua:100]: Preload file at: file:///home/oscar/.dotfiles/emacs/.config/emacs/mason/packages/lua-language-server/libexec/meta/3rd/OpenResty/library/resty/lrucache.lua , size = 3.297 KB
[22:03:34.153][info] [#0:script/workspace/loading.lua:100]: Preload file at: file:///home/oscar/.dotfiles/emacs/.config/emacs/mason/packages/lua-language-server/libexec/meta/3rd/OpenResty/library/resty/md5.lua , size = 0.353 KB
[22:03:34.154][info] [#0:script/workspace/loading.lua:100]: Preload file at: file:///home/oscar/.dotfiles/emacs/.config/emacs/mason/packages/lua-language-server/libexec/meta/3rd/OpenResty/library/resty/memcached.lua , size = 1.190 KB
[22:03:34.155][info] [#0:script/workspace/loading.lua:100]: Preload file at: file:///home/oscar/.dotfiles/emacs/.config/emacs/mason/packages/lua-language-server/libexec/meta/3rd/OpenResty/library/resty/mysql.lua , size = 0.560 KB
[22:03:34.156][info] [#0:script/workspace/loading.lua:100]: Preload file at: file:///home/oscar/.dotfiles/emacs/.config/emacs/mason/packages/lua-language-server/libexec/meta/3rd/OpenResty/library/resty/random.lua , size = 0.170 KB
[22:03:34.157][info] [#0:script/workspace/loading.lua:100]: Preload file at: file:///home/oscar/.dotfiles/emacs/.config/emacs/mason/packages/lua-language-server/libexec/meta/3rd/OpenResty/library/resty/redis.lua , size = 1.965 KB
[22:03:34.159][info] [#0:script/workspace/loading.lua:100]: Preload file at: file:///home/oscar/.dotfiles/emacs/.config/emacs/mason/packages/lua-language-server/libexec/meta/3rd/OpenResty/library/resty/sha.lua , size = 0.099 KB
[22:03:34.160][info] [#0:script/workspace/loading.lua:100]: Preload file at: file:///home/oscar/.dotfiles/emacs/.config/emacs/mason/packages/lua-language-server/libexec/meta/3rd/OpenResty/library/resty/sha1.lua , size = 0.166 KB
[22:03:34.161][info] [#0:script/workspace/loading.lua:100]: Preload file at: file:///home/oscar/.dotfiles/emacs/.config/emacs/mason/packages/lua-language-server/libexec/meta/3rd/OpenResty/library/resty/sha224.lua , size = 0.178 KB
[22:03:34.161][info] [#0:script/workspace/loading.lua:100]: Preload file at: file:///home/oscar/.dotfiles/emacs/.config/emacs/mason/packages/lua-language-server/libexec/meta/3rd/OpenResty/library/resty/sha256.lua , size = 0.178 KB
[22:03:34.162][info] [#0:script/workspace/loading.lua:100]: Preload file at: file:///home/oscar/.dotfiles/emacs/.config/emacs/mason/packages/lua-language-server/libexec/meta/3rd/OpenResty/library/resty/sha384.lua , size = 0.178 KB
[22:03:34.162][info] [#0:script/workspace/loading.lua:100]: Preload file at: file:///home/oscar/.dotfiles/emacs/.config/emacs/mason/packages/lua-language-server/libexec/meta/3rd/OpenResty/library/resty/sha512.lua , size = 0.178 KB
[22:03:34.163][info] [#0:script/workspace/loading.lua:100]: Preload file at: file:///home/oscar/.dotfiles/emacs/.config/emacs/mason/packages/lua-language-server/libexec/meta/3rd/OpenResty/library/resty/shell.lua , size = 2.403 KB
[22:03:34.165][info] [#0:script/workspace/loading.lua:100]: Preload file at: file:///home/oscar/.dotfiles/emacs/.config/emacs/mason/packages/lua-language-server/libexec/meta/3rd/OpenResty/library/resty/signal.lua , size = 1.631 KB
[22:03:34.166][info] [#0:script/workspace/loading.lua:100]: Preload file at: file:///home/oscar/.dotfiles/emacs/.config/emacs/mason/packages/lua-language-server/libexec/meta/3rd/OpenResty/library/resty/string.lua , size = 1.472 KB
[22:03:34.168][info] [#0:script/workspace/loading.lua:100]: Preload file at: file:///home/oscar/.dotfiles/emacs/.config/emacs/mason/packages/lua-language-server/libexec/meta/3rd/OpenResty/library/resty/upload.lua , size = 0.226 KB
[22:03:34.169][info] [#0:script/workspace/loading.lua:100]: Preload file at: file:///home/oscar/.dotfiles/emacs/.config/emacs/mason/packages/lua-language-server/libexec/meta/3rd/OpenResty/library/resty/upstream/healthcheck.lua , size = 0.229 KB
[22:03:34.170][info] [#0:script/workspace/loading.lua:100]: Preload file at: file:///home/oscar/.dotfiles/emacs/.config/emacs/mason/packages/lua-language-server/libexec/meta/3rd/OpenResty/library/resty/websocket/client.lua , size = 2.722 KB
[22:03:34.172][info] [#0:script/workspace/loading.lua:100]: Preload file at: file:///home/oscar/.dotfiles/emacs/.config/emacs/mason/packages/lua-language-server/libexec/meta/3rd/OpenResty/library/resty/websocket/protocol.lua , size = 5.913 KB
[22:03:34.176][info] [#0:script/workspace/loading.lua:100]: Preload file at: file:///home/oscar/.dotfiles/emacs/.config/emacs/mason/packages/lua-language-server/libexec/meta/3rd/OpenResty/library/resty/websocket/server.lua , size = 0.455 KB
[22:03:34.177][info] [#0:script/workspace/loading.lua:100]: Preload file at: file:///home/oscar/.dotfiles/emacs/.config/emacs/mason/packages/lua-language-server/libexec/meta/3rd/OpenResty/library/table/clone.lua , size = 0.555 KB
[22:03:34.178][info] [#0:script/workspace/loading.lua:100]: Preload file at: file:///home/oscar/.dotfiles/emacs/.config/emacs/mason/packages/lua-language-server/libexec/meta/3rd/OpenResty/library/table/isarray.lua , size = 0.469 KB
[22:03:34.179][info] [#0:script/workspace/loading.lua:100]: Preload file at: file:///home/oscar/.dotfiles/emacs/.config/emacs/mason/packages/lua-language-server/libexec/meta/3rd/OpenResty/library/table/isempty.lua , size = 0.537 KB
[22:03:34.180][info] [#0:script/workspace/loading.lua:100]: Preload file at: file:///home/oscar/.dotfiles/emacs/.config/emacs/mason/packages/lua-language-server/libexec/meta/3rd/OpenResty/library/table/nkeys.lua , size = 0.495 KB
[22:03:34.180][info] [#0:script/workspace/loading.lua:100]: Preload file at: file:///home/oscar/.dotfiles/emacs/.config/emacs/mason/packages/lua-language-server/libexec/meta/3rd/OpenResty/library/tablepool.lua , size = 1.729 KB
[22:03:34.181][info] [#0:script/workspace/loading.lua:100]: Preload file at: file:///home/oscar/.dotfiles/emacs/.config/emacs/mason/packages/lua-language-server/libexec/meta/3rd/OpenResty/library/thread/exdata.lua , size = 1.317 KB
[22:03:34.182][info] [#0:script/workspace/loading.lua:100]: Preload file at: file:///home/oscar/.dotfiles/emacs/.config/emacs/mason/packages/lua-language-server/libexec/meta/3rd/OpenResty/library/thread/exdata2.lua , size = 0.180 KB
[22:03:34.183][info] [#0:script/workspace/loading.lua:100]: Preload file at: file:///home/oscar/.dotfiles/emacs/.config/emacs/mason/packages/lua-language-server/libexec/meta/3rd/bee/library/bee/channel.lua , size = 0.401 KB
[22:03:34.184][info] [#0:script/workspace/loading.lua:100]: Preload file at: file:///home/oscar/.dotfiles/emacs/.config/emacs/mason/packages/lua-language-server/libexec/meta/3rd/bee/library/bee/epoll.lua , size = 1.298 KB
[22:03:34.186][info] [#0:script/workspace/loading.lua:100]: Preload file at: file:///home/oscar/.dotfiles/emacs/.config/emacs/mason/packages/lua-language-server/libexec/meta/3rd/bee/library/bee/filesystem.lua , size = 3.877 KB
[22:03:34.191][info] [#0:script/workspace/loading.lua:100]: Preload file at: file:///home/oscar/.dotfiles/emacs/.config/emacs/mason/packages/lua-language-server/libexec/meta/3rd/bee/library/bee/platform.lua , size = 0.954 KB
[22:03:34.192][info] [#0:script/workspace/loading.lua:100]: Preload file at: file:///home/oscar/.dotfiles/emacs/.config/emacs/mason/packages/lua-language-server/libexec/meta/3rd/bee/library/bee/select.lua , size = 0.719 KB
[22:03:34.194][info] [#0:script/workspace/loading.lua:100]: Preload file at: file:///home/oscar/.dotfiles/emacs/.config/emacs/mason/packages/lua-language-server/libexec/meta/3rd/bee/library/bee/serialization.lua , size = 0.325 KB
[22:03:34.195][info] [#0:script/workspace/loading.lua:100]: Preload file at: file:///home/oscar/.dotfiles/emacs/.config/emacs/mason/packages/lua-language-server/libexec/meta/3rd/bee/library/bee/socket.lua , size = 2.345 KB
[22:03:34.198][info] [#0:script/workspace/loading.lua:100]: Preload file at: file:///home/oscar/.dotfiles/emacs/.config/emacs/mason/packages/lua-language-server/libexec/meta/3rd/bee/library/bee/subprocess.lua , size = 1.758 KB
[22:03:34.201][info] [#0:script/workspace/loading.lua:100]: Preload file at: file:///home/oscar/.dotfiles/emacs/.config/emacs/mason/packages/lua-language-server/libexec/meta/3rd/bee/library/bee/sys.lua , size = 0.299 KB
[22:03:34.202][info] [#0:script/workspace/loading.lua:100]: Preload file at: file:///home/oscar/.dotfiles/emacs/.config/emacs/mason/packages/lua-language-server/libexec/meta/3rd/bee/library/bee/thread.lua , size = 0.721 KB
[22:03:34.203][info] [#0:script/workspace/loading.lua:100]: Preload file at: file:///home/oscar/.dotfiles/emacs/.config/emacs/mason/packages/lua-language-server/libexec/meta/3rd/bee/library/bee/time.lua , size = 0.173 KB
[22:03:34.204][info] [#0:script/workspace/loading.lua:100]: Preload file at: file:///home/oscar/.dotfiles/emacs/.config/emacs/mason/packages/lua-language-server/libexec/meta/3rd/busted/library/busted.lua , size = 6.517 KB
[22:03:34.208][info] [#0:script/workspace/loading.lua:100]: Preload file at: file:///home/oscar/.dotfiles/emacs/.config/emacs/mason/packages/lua-language-server/libexec/meta/3rd/example/library/love.lua , size = 0.072 KB
[22:03:34.209][info] [#0:script/workspace/loading.lua:100]: Preload file at: file:///home/oscar/.dotfiles/emacs/.config/emacs/mason/packages/lua-language-server/libexec/meta/3rd/example/plugin.lua , size = 0.367 KB
[22:03:34.210][info] [#0:script/workspace/loading.lua:100]: Preload file at: file:///home/oscar/.dotfiles/emacs/.config/emacs/mason/packages/lua-language-server/libexec/meta/3rd/ffi-reflect/library/reflect.lua , size = 2.494 KB
[22:03:34.213][info] [#0:script/workspace/loading.lua:100]: Preload file at: file:///home/oscar/.dotfiles/emacs/.config/emacs/mason/packages/lua-language-server/libexec/meta/3rd/lfs/library/lfs.lua , size = 7.396 KB
[22:03:34.217][info] [#0:script/workspace/loading.lua:100]: Preload file at: file:///home/oscar/.dotfiles/emacs/.config/emacs/mason/packages/lua-language-server/libexec/meta/3rd/love2d/library/love/audio.lua , size = 33.408 KB
[22:03:34.239][info] [#0:script/workspace/loading.lua:100]: Preload file at: file:///home/oscar/.dotfiles/emacs/.config/emacs/mason/packages/lua-language-server/libexec/meta/3rd/love2d/library/love/data.lua , size = 9.649 KB
[22:03:34.246][info] [#0:script/workspace/loading.lua:100]: Preload file at: file:///home/oscar/.dotfiles/emacs/.config/emacs/mason/packages/lua-language-server/libexec/meta/3rd/love2d/library/love/event.lua , size = 4.563 KB
[22:03:34.249][info] [#0:script/workspace/loading.lua:100]: Preload file at: file:///home/oscar/.dotfiles/emacs/.config/emacs/mason/packages/lua-language-server/libexec/meta/3rd/love2d/library/love/filesystem.lua , size = 22.715 KB
[22:03:34.263][info] [#0:script/workspace/loading.lua:100]: Preload file at: file:///home/oscar/.dotfiles/emacs/.config/emacs/mason/packages/lua-language-server/libexec/meta/3rd/love2d/library/love/font.lua , size = 7.587 KB
[22:03:34.271][info] [#0:script/workspace/loading.lua:100]: Preload file at: file:///home/oscar/.dotfiles/emacs/.config/emacs/mason/packages/lua-language-server/libexec/meta/3rd/love2d/library/love/graphics.lua , size = 160.018 KB
[22:03:34.378][info] [#0:script/workspace/loading.lua:100]: Preload file at: file:///home/oscar/.dotfiles/emacs/.config/emacs/mason/packages/lua-language-server/libexec/meta/3rd/love2d/library/love/image.lua , size = 21.372 KB
[22:03:34.389][info] [#0:script/workspace/loading.lua:100]: Preload file at: file:///home/oscar/.dotfiles/emacs/.config/emacs/mason/packages/lua-language-server/libexec/meta/3rd/love2d/library/love/joystick.lua , size = 14.190 KB
[22:03:34.399][info] [#0:script/workspace/loading.lua:100]: Preload file at: file:///home/oscar/.dotfiles/emacs/.config/emacs/mason/packages/lua-language-server/libexec/meta/3rd/love2d/library/love/keyboard.lua , size = 22.717 KB
[22:03:34.414][info] [#0:script/workspace/loading.lua:100]: Preload file at: file:///home/oscar/.dotfiles/emacs/.config/emacs/mason/packages/lua-language-server/libexec/meta/3rd/love2d/library/love/math.lua , size = 29.761 KB
[22:03:34.433][info] [#0:script/workspace/loading.lua:100]: Preload file at: file:///home/oscar/.dotfiles/emacs/.config/emacs/mason/packages/lua-language-server/libexec/meta/3rd/love2d/library/love/mouse.lua , size = 8.757 KB
[22:03:34.439][info] [#0:script/workspace/loading.lua:100]: Preload file at: file:///home/oscar/.dotfiles/emacs/.config/emacs/mason/packages/lua-language-server/libexec/meta/3rd/love2d/library/love/physics.lua , size = 109.345 KB
[22:03:34.522][info] [#0:script/workspace/loading.lua:100]: Preload file at: file:///home/oscar/.dotfiles/emacs/.config/emacs/mason/packages/lua-language-server/libexec/meta/3rd/love2d/library/love/sound.lua , size = 5.808 KB
[22:03:34.528][info] [#0:script/workspace/loading.lua:100]: Preload file at: file:///home/oscar/.dotfiles/emacs/.config/emacs/mason/packages/lua-language-server/libexec/meta/3rd/love2d/library/love/system.lua , size = 3.604 KB
[22:03:34.530][info] [#0:script/workspace/loading.lua:100]: Preload file at: file:///home/oscar/.dotfiles/emacs/.config/emacs/mason/packages/lua-language-server/libexec/meta/3rd/love2d/library/love/thread.lua , size = 7.083 KB
[22:03:34.535][info] [#0:script/workspace/loading.lua:100]: Preload file at: file:///home/oscar/.dotfiles/emacs/.config/emacs/mason/packages/lua-language-server/libexec/meta/3rd/love2d/library/love/timer.lua , size = 1.727 KB
[22:03:34.537][info] [#0:script/workspace/loading.lua:100]: Preload file at: file:///home/oscar/.dotfiles/emacs/.config/emacs/mason/packages/lua-language-server/libexec/meta/3rd/love2d/library/love/touch.lua , size = 1.456 KB
[22:03:34.538][info] [#0:script/workspace/loading.lua:100]: Preload file at: file:///home/oscar/.dotfiles/emacs/.config/emacs/mason/packages/lua-language-server/libexec/meta/3rd/love2d/library/love/video.lua , size = 2.342 KB
[22:03:34.541][info] [#0:script/workspace/loading.lua:100]: Preload file at: file:///home/oscar/.dotfiles/emacs/.config/emacs/mason/packages/lua-language-server/libexec/meta/3rd/love2d/library/love/window.lua , size = 17.920 KB
[22:03:34.553][info] [#0:script/workspace/loading.lua:100]: Preload file at: file:///home/oscar/.dotfiles/emacs/.config/emacs/mason/packages/lua-language-server/libexec/meta/3rd/love2d/library/love.lua , size = 10.825 KB
[22:03:34.561][info] [#0:script/workspace/loading.lua:100]: Preload file at: file:///home/oscar/.dotfiles/emacs/.config/emacs/mason/packages/lua-language-server/libexec/meta/3rd/lovr/library/callback.lua , size = 8.835 KB
[22:03:34.566][info] [#0:script/workspace/loading.lua:100]: Preload file at: file:///home/oscar/.dotfiles/emacs/.config/emacs/mason/packages/lua-language-server/libexec/meta/3rd/lovr/library/lovr/audio.lua , size = 27.805 KB
[22:03:34.583][info] [#0:script/workspace/loading.lua:100]: Preload file at: file:///home/oscar/.dotfiles/emacs/.config/emacs/mason/packages/lua-language-server/libexec/meta/3rd/lovr/library/lovr/data.lua , size = 50.661 KB
[22:03:34.622][info] [#0:script/workspace/loading.lua:100]: Preload file at: file:///home/oscar/.dotfiles/emacs/.config/emacs/mason/packages/lua-language-server/libexec/meta/3rd/lovr/library/lovr/event.lua , size = 5.917 KB
[22:03:34.627][info] [#0:script/workspace/loading.lua:100]: Preload file at: file:///home/oscar/.dotfiles/emacs/.config/emacs/mason/packages/lua-language-server/libexec/meta/3rd/lovr/library/lovr/filesystem.lua , size = 10.365 KB
[22:03:34.635][info] [#0:script/workspace/loading.lua:100]: Preload file at: file:///home/oscar/.dotfiles/emacs/.config/emacs/mason/packages/lua-language-server/libexec/meta/3rd/lovr/library/lovr/graphics.lua , size = 129.702 KB
[22:03:34.723][info] [#0:script/workspace/loading.lua:100]: Preload file at: file:///home/oscar/.dotfiles/emacs/.config/emacs/mason/packages/lua-language-server/libexec/meta/3rd/lovr/library/lovr/headset.lua , size = 23.334 KB
[22:03:34.739][info] [#0:script/workspace/loading.lua:100]: Preload file at: file:///home/oscar/.dotfiles/emacs/.config/emacs/mason/packages/lua-language-server/libexec/meta/3rd/lovr/library/lovr/math.lua , size = 44.854 KB
[22:03:34.779][info] [#0:script/workspace/loading.lua:100]: Preload file at: file:///home/oscar/.dotfiles/emacs/.config/emacs/mason/packages/lua-language-server/libexec/meta/3rd/lovr/library/lovr/physics.lua , size = 61.004 KB
[22:03:34.831][info] [#0:script/workspace/loading.lua:100]: Preload file at: file:///home/oscar/.dotfiles/emacs/.config/emacs/mason/packages/lua-language-server/libexec/meta/3rd/lovr/library/lovr/system.lua , size = 3.189 KB
[22:03:34.834][info] [#0:script/workspace/loading.lua:100]: Preload file at: file:///home/oscar/.dotfiles/emacs/.config/emacs/mason/packages/lua-language-server/libexec/meta/3rd/lovr/library/lovr/thread.lua , size = 6.063 KB
[22:03:34.839][info] [#0:script/workspace/loading.lua:100]: Preload file at: file:///home/oscar/.dotfiles/emacs/.config/emacs/mason/packages/lua-language-server/libexec/meta/3rd/lovr/library/lovr/timer.lua , size = 1.728 KB
[22:03:34.840][info] [#0:script/workspace/loading.lua:100]: Preload file at: file:///home/oscar/.dotfiles/emacs/.config/emacs/mason/packages/lua-language-server/libexec/meta/3rd/lovr/library/lovr.lua , size = 1.424 KB
[22:03:34.842][info] [#0:script/workspace/loading.lua:100]: Preload file at: file:///home/oscar/.dotfiles/emacs/.config/emacs/mason/packages/lua-language-server/libexec/meta/3rd/luaecs/library/ecs.lua , size = 11.000 KB
[22:03:34.852][info] [#0:script/workspace/loading.lua:100]: Preload file at: file:///home/oscar/.dotfiles/emacs/.config/emacs/mason/packages/lua-language-server/libexec/meta/3rd/luassert/library/luassert/array.lua , size = 0.326 KB
[22:03:34.853][info] [#0:script/workspace/loading.lua:100]: Preload file at: file:///home/oscar/.dotfiles/emacs/.config/emacs/mason/packages/lua-language-server/libexec/meta/3rd/luassert/library/luassert/match.lua , size = 11.840 KB
[22:03:34.866][info] [#0:script/workspace/loading.lua:100]: Preload file at: file:///home/oscar/.dotfiles/emacs/.config/emacs/mason/packages/lua-language-server/libexec/meta/3rd/luassert/library/luassert/mock.lua , size = 1.150 KB
[22:03:34.868][info] [#0:script/workspace/loading.lua:100]: Preload file at: file:///home/oscar/.dotfiles/emacs/.config/emacs/mason/packages/lua-language-server/libexec/meta/3rd/luassert/library/luassert/spy.d.lua , size = 4.246 KB
[22:03:34.871][info] [#0:script/workspace/loading.lua:100]: Preload file at: file:///home/oscar/.dotfiles/emacs/.config/emacs/mason/packages/lua-language-server/libexec/meta/3rd/luassert/library/luassert/spy.lua , size = 2.278 KB
[22:03:34.873][info] [#0:script/workspace/loading.lua:100]: Preload file at: file:///home/oscar/.dotfiles/emacs/.config/emacs/mason/packages/lua-language-server/libexec/meta/3rd/luassert/library/luassert/stub.lua , size = 1.865 KB
[22:03:34.875][info] [#0:script/workspace/loading.lua:100]: Preload file at: file:///home/oscar/.dotfiles/emacs/.config/emacs/mason/packages/lua-language-server/libexec/meta/3rd/luassert/library/luassert.lua , size = 14.181 KB
[22:03:34.884][info] [#0:script/workspace/loading.lua:100]: Preload file at: file:///home/oscar/.dotfiles/emacs/.config/emacs/mason/packages/lua-language-server/libexec/meta/3rd/luv/library/errors.lua , size = 15.165 KB
[22:03:34.894][info] [#0:script/workspace/loading.lua:100]: Preload file at: file:///home/oscar/.dotfiles/emacs/.config/emacs/mason/packages/lua-language-server/libexec/meta/3rd/luv/library/luv_dir_t.lua , size = 1.056 KB
[22:03:34.895][info] [#0:script/workspace/loading.lua:100]: Preload file at: file:///home/oscar/.dotfiles/emacs/.config/emacs/mason/packages/lua-language-server/libexec/meta/3rd/luv/library/luv_thread_t.lua , size = 0.500 KB
[22:03:34.896][info] [#0:script/workspace/loading.lua:100]: Preload file at: file:///home/oscar/.dotfiles/emacs/.config/emacs/mason/packages/lua-language-server/libexec/meta/3rd/luv/library/luv_work_ctx_t.lua , size = 0.530 KB
[22:03:34.897][info] [#0:script/workspace/loading.lua:100]: Preload file at: file:///home/oscar/.dotfiles/emacs/.config/emacs/mason/packages/lua-language-server/libexec/meta/3rd/luv/library/types.lua , size = 17.131 KB
[22:03:34.915][info] [#0:script/workspace/loading.lua:100]: Preload file at: file:///home/oscar/.dotfiles/emacs/.config/emacs/mason/packages/lua-language-server/libexec/meta/3rd/luv/library/uv.lua , size = 98.128 KB
[22:03:34.980][info] [#0:script/workspace/loading.lua:100]: Preload file at: file:///home/oscar/.dotfiles/emacs/.config/emacs/mason/packages/lua-language-server/libexec/meta/3rd/luv/library/uv_async_t.lua , size = 1.058 KB
[22:03:34.982][info] [#0:script/workspace/loading.lua:100]: Preload file at: file:///home/oscar/.dotfiles/emacs/.config/emacs/mason/packages/lua-language-server/libexec/meta/3rd/luv/library/uv_check_t.lua , size = 0.694 KB
[22:03:34.983][info] [#0:script/workspace/loading.lua:100]: Preload file at: file:///home/oscar/.dotfiles/emacs/.config/emacs/mason/packages/lua-language-server/libexec/meta/3rd/luv/library/uv_fs_event_t.lua , size = 1.033 KB
[22:03:34.984][info] [#0:script/workspace/loading.lua:100]: Preload file at: file:///home/oscar/.dotfiles/emacs/.config/emacs/mason/packages/lua-language-server/libexec/meta/3rd/luv/library/uv_fs_poll_t.lua , size = 1.140 KB
[22:03:34.986][info] [#0:script/workspace/loading.lua:100]: Preload file at: file:///home/oscar/.dotfiles/emacs/.config/emacs/mason/packages/lua-language-server/libexec/meta/3rd/luv/library/uv_handle_t.lua , size = 5.129 KB
[22:03:34.989][info] [#0:script/workspace/loading.lua:100]: Preload file at: file:///home/oscar/.dotfiles/emacs/.config/emacs/mason/packages/lua-language-server/libexec/meta/3rd/luv/library/uv_idle_t.lua , size = 1.074 KB
[22:03:34.991][info] [#0:script/workspace/loading.lua:100]: Preload file at: file:///home/oscar/.dotfiles/emacs/.config/emacs/mason/packages/lua-language-server/libexec/meta/3rd/luv/library/uv_pipe_t.lua , size = 2.988 KB
[22:03:34.993][info] [#0:script/workspace/loading.lua:100]: Preload file at: file:///home/oscar/.dotfiles/emacs/.config/emacs/mason/packages/lua-language-server/libexec/meta/3rd/luv/library/uv_poll_t.lua , size = 2.646 KB
[22:03:34.995][info] [#0:script/workspace/loading.lua:100]: Preload file at: file:///home/oscar/.dotfiles/emacs/.config/emacs/mason/packages/lua-language-server/libexec/meta/3rd/luv/library/uv_prepare_t.lua , size = 0.716 KB
[22:03:34.996][info] [#0:script/workspace/loading.lua:100]: Preload file at: file:///home/oscar/.dotfiles/emacs/.config/emacs/mason/packages/lua-language-server/libexec/meta/3rd/luv/library/uv_process_t.lua , size = 0.617 KB
[22:03:34.997][info] [#0:script/workspace/loading.lua:100]: Preload file at: file:///home/oscar/.dotfiles/emacs/.config/emacs/mason/packages/lua-language-server/libexec/meta/3rd/luv/library/uv_req_t.lua , size = 0.705 KB
[22:03:34.998][info] [#0:script/workspace/loading.lua:100]: Preload file at: file:///home/oscar/.dotfiles/emacs/.config/emacs/mason/packages/lua-language-server/libexec/meta/3rd/luv/library/uv_signal_t.lua , size = 2.997 KB
[22:03:35.000][info] [#0:script/workspace/loading.lua:100]: Preload file at: file:///home/oscar/.dotfiles/emacs/.config/emacs/mason/packages/lua-language-server/libexec/meta/3rd/luv/library/uv_stream_t.lua , size = 5.906 KB
[22:03:35.004][info] [#0:script/workspace/loading.lua:100]: Preload file at: file:///home/oscar/.dotfiles/emacs/.config/emacs/mason/packages/lua-language-server/libexec/meta/3rd/luv/library/uv_tcp_t.lua , size = 3.923 KB
[22:03:35.008][info] [#0:script/workspace/loading.lua:100]: Preload file at: file:///home/oscar/.dotfiles/emacs/.config/emacs/mason/packages/lua-language-server/libexec/meta/3rd/luv/library/uv_timer_t.lua , size = 1.999 KB
[22:03:35.010][info] [#0:script/workspace/loading.lua:100]: Preload file at: file:///home/oscar/.dotfiles/emacs/.config/emacs/mason/packages/lua-language-server/libexec/meta/3rd/luv/library/uv_tty_t.lua , size = 1.135 KB
[22:03:35.011][info] [#0:script/workspace/loading.lua:100]: Preload file at: file:///home/oscar/.dotfiles/emacs/.config/emacs/mason/packages/lua-language-server/libexec/meta/3rd/luv/library/uv_udp_t.lua , size = 5.970 KB
[22:03:35.017][info] [#0:script/workspace/loading.lua:100]: Preload file at: file:///home/oscar/.dotfiles/emacs/.config/emacs/mason/packages/lua-language-server/libexec/meta/3rd/skynet/library/skynet/cluster.lua , size = 2.379 KB
[22:03:35.019][info] [#0:script/workspace/loading.lua:100]: Preload file at: file:///home/oscar/.dotfiles/emacs/.config/emacs/mason/packages/lua-language-server/libexec/meta/3rd/skynet/library/skynet/crypt.lua , size = 1.754 KB
[22:03:35.021][info] [#0:script/workspace/loading.lua:100]: Preload file at: file:///home/oscar/.dotfiles/emacs/.config/emacs/mason/packages/lua-language-server/libexec/meta/3rd/skynet/library/skynet/db/mongo.lua , size = 5.348 KB
[22:03:35.028][info] [#0:script/workspace/loading.lua:100]: Preload file at: file:///home/oscar/.dotfiles/emacs/.config/emacs/mason/packages/lua-language-server/libexec/meta/3rd/skynet/library/skynet/db/mysql.lua , size = 1.143 KB
[22:03:35.030][info] [#0:script/workspace/loading.lua:100]: Preload file at: file:///home/oscar/.dotfiles/emacs/.config/emacs/mason/packages/lua-language-server/libexec/meta/3rd/skynet/library/skynet/db/redis.lua , size = 1.868 KB
[22:03:35.032][info] [#0:script/workspace/loading.lua:100]: Preload file at: file:///home/oscar/.dotfiles/emacs/.config/emacs/mason/packages/lua-language-server/libexec/meta/3rd/skynet/library/skynet/debug.lua , size = 0.272 KB
[22:03:35.033][info] [#0:script/workspace/loading.lua:100]: Preload file at: file:///home/oscar/.dotfiles/emacs/.config/emacs/mason/packages/lua-language-server/libexec/meta/3rd/skynet/library/skynet/habor.lua , size = 1.133 KB
[22:03:35.034][info] [#0:script/workspace/loading.lua:100]: Preload file at: file:///home/oscar/.dotfiles/emacs/.config/emacs/mason/packages/lua-language-server/libexec/meta/3rd/skynet/library/skynet/muliticast.lua , size = 0.699 KB
[22:03:35.035][info] [#0:script/workspace/loading.lua:100]: Preload file at: file:///home/oscar/.dotfiles/emacs/.config/emacs/mason/packages/lua-language-server/libexec/meta/3rd/skynet/library/skynet/netpack.lua , size = 2.357 KB
[22:03:35.036][info] [#0:script/workspace/loading.lua:100]: Preload file at: file:///home/oscar/.dotfiles/emacs/.config/emacs/mason/packages/lua-language-server/libexec/meta/3rd/skynet/library/skynet/profile.lua , size = 1.128 KB
[22:03:35.037][info] [#0:script/workspace/loading.lua:100]: Preload file at: file:///home/oscar/.dotfiles/emacs/.config/emacs/mason/packages/lua-language-server/libexec/meta/3rd/skynet/library/skynet/sharedata.lua , size = 1.942 KB
[22:03:35.039][info] [#0:script/workspace/loading.lua:100]: Preload file at: file:///home/oscar/.dotfiles/emacs/.config/emacs/mason/packages/lua-language-server/libexec/meta/3rd/skynet/library/skynet/sharemap.lua , size = 1.562 KB
[22:03:35.040][info] [#0:script/workspace/loading.lua:100]: Preload file at: file:///home/oscar/.dotfiles/emacs/.config/emacs/mason/packages/lua-language-server/libexec/meta/3rd/skynet/library/skynet/sharetable.lua , size = 1.434 KB
[22:03:35.042][info] [#0:script/workspace/loading.lua:100]: Preload file at: file:///home/oscar/.dotfiles/emacs/.config/emacs/mason/packages/lua-language-server/libexec/meta/3rd/skynet/library/skynet/socket.lua , size = 5.656 KB
[22:03:35.045][info] [#0:script/workspace/loading.lua:100]: Preload file at: file:///home/oscar/.dotfiles/emacs/.config/emacs/mason/packages/lua-language-server/libexec/meta/3rd/skynet/library/skynet/socketchannel.lua , size = 2.614 KB
[22:03:35.047][info] [#0:script/workspace/loading.lua:100]: Preload file at: file:///home/oscar/.dotfiles/emacs/.config/emacs/mason/packages/lua-language-server/libexec/meta/3rd/skynet/library/skynet/socketdriver.lua , size = 6.013 KB
[22:03:35.052][info] [#0:script/workspace/loading.lua:100]: Preload file at: file:///home/oscar/.dotfiles/emacs/.config/emacs/mason/packages/lua-language-server/libexec/meta/3rd/skynet/library/skynet/stm.lua , size = 1.518 KB
[22:03:35.054][info] [#0:script/workspace/loading.lua:100]: Preload file at: file:///home/oscar/.dotfiles/emacs/.config/emacs/mason/packages/lua-language-server/libexec/meta/3rd/skynet/library/skynet.lua , size = 20.195 KB
[22:03:35.077][info] [#0:script/workspace/loading.lua:100]: Preload file at: file:///home/oscar/.dotfiles/emacs/.config/emacs/mason/packages/lua-language-server/libexec/meta/Lua%205.4%20zh-cn%20utf8/basic.lua , size = 17.209 KB
[22:03:35.094][info] [#0:script/workspace/loading.lua:100]: Preload file at: file:///home/oscar/.dotfiles/emacs/.config/emacs/mason/packages/lua-language-server/libexec/meta/Lua%205.4%20zh-cn%20utf8/bit.lua , size = 1.243 KB
[22:03:35.097][info] [#0:script/workspace/loading.lua:100]: Preload file at: file:///home/oscar/.dotfiles/emacs/.config/emacs/mason/packages/lua-language-server/libexec/meta/Lua%205.4%20zh-cn%20utf8/bit32.lua , size = 3.697 KB
[22:03:35.102][info] [#0:script/workspace/loading.lua:100]: Preload file at: file:///home/oscar/.dotfiles/emacs/.config/emacs/mason/packages/lua-language-server/libexec/meta/Lua%205.4%20zh-cn%20utf8/builtin.lua , size = 0.302 KB
[22:03:35.103][info] [#0:script/workspace/loading.lua:100]: Preload file at: file:///home/oscar/.dotfiles/emacs/.config/emacs/mason/packages/lua-language-server/libexec/meta/Lua%205.4%20zh-cn%20utf8/coroutine.lua , size = 2.712 KB
[22:03:35.108][info] [#0:script/workspace/loading.lua:100]: Preload file at: file:///home/oscar/.dotfiles/emacs/.config/emacs/mason/packages/lua-language-server/libexec/meta/Lua%205.4%20zh-cn%20utf8/debug.lua , size = 7.489 KB
[22:03:35.117][info] [#0:script/workspace/loading.lua:100]: Preload file at: file:///home/oscar/.dotfiles/emacs/.config/emacs/mason/packages/lua-language-server/libexec/meta/Lua%205.4%20zh-cn%20utf8/ffi.lua , size = 2.529 KB
[22:03:35.124][info] [#0:script/workspace/loading.lua:100]: Preload file at: file:///home/oscar/.dotfiles/emacs/.config/emacs/mason/packages/lua-language-server/libexec/meta/Lua%205.4%20zh-cn%20utf8/io.lua , size = 6.633 KB
[22:03:35.132][info] [#0:script/workspace/loading.lua:100]: Preload file at: file:///home/oscar/.dotfiles/emacs/.config/emacs/mason/packages/lua-language-server/libexec/meta/Lua%205.4%20zh-cn%20utf8/jit/profile.lua , size = 0.348 KB
[22:03:35.134][info] [#0:script/workspace/loading.lua:100]: Preload file at: file:///home/oscar/.dotfiles/emacs/.config/emacs/mason/packages/lua-language-server/libexec/meta/Lua%205.4%20zh-cn%20utf8/jit/util.lua , size = 1.984 KB
[22:03:35.138][info] [#0:script/workspace/loading.lua:100]: Preload file at: file:///home/oscar/.dotfiles/emacs/.config/emacs/mason/packages/lua-language-server/libexec/meta/Lua%205.4%20zh-cn%20utf8/jit.lua , size = 0.884 KB
[22:03:35.141][info] [#0:script/workspace/loading.lua:100]: Preload file at: file:///home/oscar/.dotfiles/emacs/.config/emacs/mason/packages/lua-language-server/libexec/meta/Lua%205.4%20zh-cn%20utf8/math.lua , size = 8.716 KB
[22:03:35.152][info] [#0:script/workspace/loading.lua:100]: Preload file at: file:///home/oscar/.dotfiles/emacs/.config/emacs/mason/packages/lua-language-server/libexec/meta/Lua%205.4%20zh-cn%20utf8/os.lua , size = 5.698 KB
[22:03:35.159][info] [#0:script/workspace/loading.lua:100]: Preload file at: file:///home/oscar/.dotfiles/emacs/.config/emacs/mason/packages/lua-language-server/libexec/meta/Lua%205.4%20zh-cn%20utf8/package.lua , size = 2.858 KB
[22:03:35.163][info] [#0:script/workspace/loading.lua:100]: Preload file at: file:///home/oscar/.dotfiles/emacs/.config/emacs/mason/packages/lua-language-server/libexec/meta/Lua%205.4%20zh-cn%20utf8/string/buffer.lua , size = 18.057 KB
[22:03:35.172][info] [#0:script/workspace/loading.lua:100]: Preload file at: file:///home/oscar/.dotfiles/emacs/.config/emacs/mason/packages/lua-language-server/libexec/meta/Lua%205.4%20zh-cn%20utf8/string.lua , size = 6.671 KB
[22:03:35.181][info] [#0:script/workspace/loading.lua:100]: Preload file at: file:///home/oscar/.dotfiles/emacs/.config/emacs/mason/packages/lua-language-server/libexec/meta/Lua%205.4%20zh-cn%20utf8/table/clear.lua , size = 0.715 KB
[22:03:35.182][info] [#0:script/workspace/loading.lua:100]: Preload file at: file:///home/oscar/.dotfiles/emacs/.config/emacs/mason/packages/lua-language-server/libexec/meta/Lua%205.4%20zh-cn%20utf8/table/new.lua , size = 0.634 KB
[22:03:35.183][info] [#0:script/workspace/loading.lua:100]: Preload file at: file:///home/oscar/.dotfiles/emacs/.config/emacs/mason/packages/lua-language-server/libexec/meta/Lua%205.4%20zh-cn%20utf8/table.lua , size = 4.780 KB
[22:03:35.192][info] [#0:script/workspace/loading.lua:100]: Preload file at: file:///home/oscar/.dotfiles/emacs/.config/emacs/mason/packages/lua-language-server/libexec/meta/Lua%205.4%20zh-cn%20utf8/utf8.lua , size = 2.370 KB
[22:03:35.197][info] [#0:script/workspace/loading.lua:100]: Preload file at: file:///home/oscar/.dotfiles/emacs/.config/emacs/mason/packages/lua-language-server/libexec/meta/LuaJIT%20zh-cn%20utf8/basic.lua , size = 16.096 KB
[22:03:35.216][info] [#0:script/workspace/loading.lua:100]: Preload file at: file:///home/oscar/.dotfiles/emacs/.config/emacs/mason/packages/lua-language-server/libexec/meta/LuaJIT%20zh-cn%20utf8/bit.lua , size = 1.243 KB
[22:03:35.221][info] [#0:script/workspace/loading.lua:100]: Preload file at: file:///home/oscar/.dotfiles/emacs/.config/emacs/mason/packages/lua-language-server/libexec/meta/LuaJIT%20zh-cn%20utf8/bit32.lua , size = 3.697 KB
[22:03:35.226][info] [#0:script/workspace/loading.lua:100]: Preload file at: file:///home/oscar/.dotfiles/emacs/.config/emacs/mason/packages/lua-language-server/libexec/meta/LuaJIT%20zh-cn%20utf8/builtin.lua , size = 0.302 KB
[22:03:35.227][info] [#0:script/workspace/loading.lua:100]: Preload file at: file:///home/oscar/.dotfiles/emacs/.config/emacs/mason/packages/lua-language-server/libexec/meta/LuaJIT%20zh-cn%20utf8/coroutine.lua , size = 2.678 KB
[22:03:35.231][info] [#0:script/workspace/loading.lua:100]: Preload file at: file:///home/oscar/.dotfiles/emacs/.config/emacs/mason/packages/lua-language-server/libexec/meta/LuaJIT%20zh-cn%20utf8/debug.lua , size = 7.242 KB
[22:03:35.241][info] [#0:script/workspace/loading.lua:100]: Preload file at: file:///home/oscar/.dotfiles/emacs/.config/emacs/mason/packages/lua-language-server/libexec/meta/LuaJIT%20zh-cn%20utf8/ffi.lua , size = 2.529 KB
[22:03:35.247][info] [#0:script/workspace/loading.lua:100]: Preload file at: file:///home/oscar/.dotfiles/emacs/.config/emacs/mason/packages/lua-language-server/libexec/meta/LuaJIT%20zh-cn%20utf8/io.lua , size = 6.633 KB
[22:03:35.257][info] [#0:script/workspace/loading.lua:100]: Preload file at: file:///home/oscar/.dotfiles/emacs/.config/emacs/mason/packages/lua-language-server/libexec/meta/LuaJIT%20zh-cn%20utf8/jit/profile.lua , size = 0.348 KB
[22:03:35.260][info] [#0:script/workspace/loading.lua:100]: Preload file at: file:///home/oscar/.dotfiles/emacs/.config/emacs/mason/packages/lua-language-server/libexec/meta/LuaJIT%20zh-cn%20utf8/jit/util.lua , size = 1.984 KB
[22:03:35.264][info] [#0:script/workspace/loading.lua:100]: Preload file at: file:///home/oscar/.dotfiles/emacs/.config/emacs/mason/packages/lua-language-server/libexec/meta/LuaJIT%20zh-cn%20utf8/jit.lua , size = 0.884 KB
[22:03:35.267][info] [#0:script/workspace/loading.lua:100]: Preload file at: file:///home/oscar/.dotfiles/emacs/.config/emacs/mason/packages/lua-language-server/libexec/meta/LuaJIT%20zh-cn%20utf8/math.lua , size = 8.180 KB
[22:03:35.277][info] [#0:script/workspace/loading.lua:100]: Preload file at: file:///home/oscar/.dotfiles/emacs/.config/emacs/mason/packages/lua-language-server/libexec/meta/LuaJIT%20zh-cn%20utf8/os.lua , size = 5.698 KB
[22:03:35.284][info] [#0:script/workspace/loading.lua:100]: Preload file at: file:///home/oscar/.dotfiles/emacs/.config/emacs/mason/packages/lua-language-server/libexec/meta/LuaJIT%20zh-cn%20utf8/package.lua , size = 2.706 KB
[22:03:35.287][info] [#0:script/workspace/loading.lua:100]: Preload file at: file:///home/oscar/.dotfiles/emacs/.config/emacs/mason/packages/lua-language-server/libexec/meta/LuaJIT%20zh-cn%20utf8/string/buffer.lua , size = 18.057 KB
[22:03:35.296][info] [#0:script/workspace/loading.lua:100]: Preload file at: file:///home/oscar/.dotfiles/emacs/.config/emacs/mason/packages/lua-language-server/libexec/meta/LuaJIT%20zh-cn%20utf8/string.lua , size = 6.653 KB
[22:03:35.304][info] [#0:script/workspace/loading.lua:100]: Preload file at: file:///home/oscar/.dotfiles/emacs/.config/emacs/mason/packages/lua-language-server/libexec/meta/LuaJIT%20zh-cn%20utf8/table/clear.lua , size = 0.715 KB
[22:03:35.305][info] [#0:script/workspace/loading.lua:100]: Preload file at: file:///home/oscar/.dotfiles/emacs/.config/emacs/mason/packages/lua-language-server/libexec/meta/LuaJIT%20zh-cn%20utf8/table/new.lua , size = 0.634 KB
[22:03:35.306][info] [#0:script/workspace/loading.lua:100]: Preload file at: file:///home/oscar/.dotfiles/emacs/.config/emacs/mason/packages/lua-language-server/libexec/meta/LuaJIT%20zh-cn%20utf8/table.lua , size = 4.780 KB
[22:03:35.313][info] [#0:script/workspace/loading.lua:100]: Preload file at: file:///home/oscar/.dotfiles/emacs/.config/emacs/mason/packages/lua-language-server/libexec/meta/LuaJIT%20zh-cn%20utf8/utf8.lua , size = 2.288 KB
[22:03:35.316][info] [#0:script/workspace/loading.lua:100]: Preload file at: file:///home/oscar/.dotfiles/emacs/.config/emacs/mason/packages/lua-language-server/libexec/meta/default%20utf8/CS.lua , size = 644.007 KB
[22:03:35.316][info] [#0:script/client.lua:112]: ShowMessage	Info	Too large file: emacs/.config/emacs/mason/packages/lua-language-server/libexec/meta/default utf8/CS.lua skipped. The currently set size limit is: 500 KB, and the file size is: 659.463 KB.
[22:03:35.317][info] [#0:script/workspace/loading.lua:100]: Preload file at: file:///home/oscar/.dotfiles/emacs/.config/emacs/mason/packages/lua-language-server/libexec/meta/default%20utf8/System.CodeDom.Compiler.lua , size = 26.997 KB
[22:03:35.355][info] [#0:script/workspace/loading.lua:100]: Preload file at: file:///home/oscar/.dotfiles/emacs/.config/emacs/mason/packages/lua-language-server/libexec/meta/default%20utf8/System.CodeDom.lua , size = 46.845 KB
[22:03:35.411][info] [#0:script/workspace/loading.lua:100]: Preload file at: file:///home/oscar/.dotfiles/emacs/.config/emacs/mason/packages/lua-language-server/libexec/meta/default%20utf8/System.Collections.Concurrent.lua , size = 17.661 KB
[22:03:35.437][info] [#0:script/workspace/loading.lua:100]: Preload file at: file:///home/oscar/.dotfiles/emacs/.config/emacs/mason/packages/lua-language-server/libexec/meta/default%20utf8/System.Collections.Generic.lua , size = 39.646 KB
[22:03:35.497][info] [#0:script/workspace/loading.lua:100]: Preload file at: file:///home/oscar/.dotfiles/emacs/.config/emacs/mason/packages/lua-language-server/libexec/meta/default%20utf8/System.Collections.ObjectModel.lua , size = 5.798 KB
[22:03:35.503][info] [#0:script/workspace/loading.lua:100]: Preload file at: file:///home/oscar/.dotfiles/emacs/.config/emacs/mason/packages/lua-language-server/libexec/meta/default%20utf8/System.Collections.Specialized.lua , size = 18.693 KB
[22:03:35.520][info] [#0:script/workspace/loading.lua:100]: Preload file at: file:///home/oscar/.dotfiles/emacs/.config/emacs/mason/packages/lua-language-server/libexec/meta/default%20utf8/System.Collections.lua , size = 23.941 KB
[22:03:35.537][info] [#0:script/workspace/loading.lua:100]: Preload file at: file:///home/oscar/.dotfiles/emacs/.config/emacs/mason/packages/lua-language-server/libexec/meta/default%20utf8/System.ComponentModel.Design.Serialization.lua , size = 16.526 KB
[22:03:35.546][info] [#0:script/workspace/loading.lua:100]: Preload file at: file:///home/oscar/.dotfiles/emacs/.config/emacs/mason/packages/lua-language-server/libexec/meta/default%20utf8/System.ComponentModel.Design.lua , size = 56.153 KB
[22:03:35.575][info] [#0:script/workspace/loading.lua:100]: Preload file at: file:///home/oscar/.dotfiles/emacs/.config/emacs/mason/packages/lua-language-server/libexec/meta/default%20utf8/System.ComponentModel.lua , size = 161.355 KB
[22:03:35.706][info] [#0:script/workspace/loading.lua:100]: Preload file at: file:///home/oscar/.dotfiles/emacs/.config/emacs/mason/packages/lua-language-server/libexec/meta/default%20utf8/System.Configuration.Assemblies.lua , size = 2.307 KB
[22:03:35.860][info] [#0:script/workspace/loading.lua:100]: Preload file at: file:///home/oscar/.dotfiles/emacs/.config/emacs/mason/packages/lua-language-server/libexec/meta/default%20utf8/System.Data.Common.lua , size = 56.171 KB
[22:03:36.062][warn] [#0:script/files.lua:560]: Parse LuaDoc of [file:///home/oscar/.dotfiles/emacs/.config/emacs/mason/packages/lua-language-server/libexec/meta/default%20utf8/System.Data.Common.lua] takes [0.187] sec, size [57.519] kb.
[22:03:36.068][info] [#0:script/workspace/loading.lua:100]: Preload file at: file:///home/oscar/.dotfiles/emacs/.config/emacs/mason/packages/lua-language-server/libexec/meta/default%20utf8/System.Configuration.lua , size = 30.104 KB
[22:03:36.090][info] [#0:script/workspace/loading.lua:100]: Preload file at: file:///home/oscar/.dotfiles/emacs/.config/emacs/mason/packages/lua-language-server/libexec/meta/default%20utf8/System.Data.Odbc.lua , size = 28.487 KB
[22:03:36.107][info] [#0:script/workspace/loading.lua:100]: Preload file at: file:///home/oscar/.dotfiles/emacs/.config/emacs/mason/packages/lua-language-server/libexec/meta/default%20utf8/System.Data.OleDb.lua , size = 36.748 KB
[22:03:36.124][info] [#0:script/workspace/loading.lua:100]: Preload file at: file:///home/oscar/.dotfiles/emacs/.config/emacs/mason/packages/lua-language-server/libexec/meta/default%20utf8/System.Data.Sql.lua , size = 0.710 KB
[22:03:36.226][info] [#0:script/workspace/loading.lua:100]: Preload file at: file:///home/oscar/.dotfiles/emacs/.config/emacs/mason/packages/lua-language-server/libexec/meta/default%20utf8/System.Data.SqlTypes.lua , size = 122.720 KB
[22:03:36.336][info] [#0:script/workspace/loading.lua:100]: Preload file at: file:///home/oscar/.dotfiles/emacs/.config/emacs/mason/packages/lua-language-server/libexec/meta/default%20utf8/System.Data.SqlClient.lua , size = 65.225 KB
[22:03:36.377][info] [#0:script/workspace/loading.lua:100]: Preload file at: file:///home/oscar/.dotfiles/emacs/.config/emacs/mason/packages/lua-language-server/libexec/meta/default%20utf8/System.Data.lua , size = 108.626 KB
[22:03:36.477][info] [#0:script/workspace/loading.lua:100]: Preload file at: file:///home/oscar/.dotfiles/emacs/.config/emacs/mason/packages/lua-language-server/libexec/meta/default%20utf8/System.Deployment.Internal.lua , size = 1.848 KB
[22:03:36.478][info] [#0:script/workspace/loading.lua:100]: Preload file at: file:///home/oscar/.dotfiles/emacs/.config/emacs/mason/packages/lua-language-server/libexec/meta/default%20utf8/System.Diagnostics.CodeAnalysis.lua , size = 0.703 KB
[22:03:36.479][info] [#0:script/workspace/loading.lua:100]: Preload file at: file:///home/oscar/.dotfiles/emacs/.config/emacs/mason/packages/lua-language-server/libexec/meta/default%20utf8/System.Diagnostics.Contracts.Internal.lua , size = 0.908 KB
[22:03:36.580][info] [#0:script/workspace/loading.lua:100]: Preload file at: file:///home/oscar/.dotfiles/emacs/.config/emacs/mason/packages/lua-language-server/libexec/meta/default%20utf8/System.Diagnostics.Contracts.lua , size = 8.239 KB
[22:03:36.584][info] [#0:script/workspace/loading.lua:100]: Preload file at: file:///home/oscar/.dotfiles/emacs/.config/emacs/mason/packages/lua-language-server/libexec/meta/default%20utf8/System.Diagnostics.Eventing.Reader.lua , size = 26.731 KB
[22:03:36.597][info] [#0:script/workspace/loading.lua:100]: Preload file at: file:///home/oscar/.dotfiles/emacs/.config/emacs/mason/packages/lua-language-server/libexec/meta/default%20utf8/System.Diagnostics.Eventing.lua , size = 6.302 KB
[22:03:36.600][info] [#0:script/workspace/loading.lua:100]: Preload file at: file:///home/oscar/.dotfiles/emacs/.config/emacs/mason/packages/lua-language-server/libexec/meta/default%20utf8/System.Diagnostics.PerformanceData.lua , size = 6.790 KB
[22:03:36.602][info] [#0:script/workspace/loading.lua:100]: Preload file at: file:///home/oscar/.dotfiles/emacs/.config/emacs/mason/packages/lua-language-server/libexec/meta/default%20utf8/System.Diagnostics.SymbolStore.lua , size = 16.163 KB
[22:03:36.609][info] [#0:script/workspace/loading.lua:100]: Preload file at: file:///home/oscar/.dotfiles/emacs/.config/emacs/mason/packages/lua-language-server/libexec/meta/default%20utf8/System.Diagnostics.Tracing.lua , size = 21.189 KB
[22:03:36.616][info] [#0:script/workspace/loading.lua:100]: Preload file at: file:///home/oscar/.dotfiles/emacs/.config/emacs/mason/packages/lua-language-server/libexec/meta/default%20utf8/System.Diagnostics.lua , size = 98.948 KB
[22:03:36.726][info] [#0:script/workspace/loading.lua:100]: Preload file at: file:///home/oscar/.dotfiles/emacs/.config/emacs/mason/packages/lua-language-server/libexec/meta/default%20utf8/System.Dynamic.lua , size = 23.368 KB
[22:03:36.738][info] [#0:script/workspace/loading.lua:100]: Preload file at: file:///home/oscar/.dotfiles/emacs/.config/emacs/mason/packages/lua-language-server/libexec/meta/default%20utf8/System.Globalization.lua , size = 88.709 KB
[22:03:36.778][info] [#0:script/workspace/loading.lua:100]: Preload file at: file:///home/oscar/.dotfiles/emacs/.config/emacs/mason/packages/lua-language-server/libexec/meta/default%20utf8/System.IO.Compression.lua , size = 7.517 KB
[22:03:36.834][info] [#0:script/workspace/loading.lua:100]: Preload file at: file:///home/oscar/.dotfiles/emacs/.config/emacs/mason/packages/lua-language-server/libexec/meta/default%20utf8/System.IO.IsolatedStorage.lua , size = 13.610 KB
[22:03:36.840][info] [#0:script/workspace/loading.lua:100]: Preload file at: file:///home/oscar/.dotfiles/emacs/.config/emacs/mason/packages/lua-language-server/libexec/meta/default%20utf8/System.IO.MemoryMappedFiles.lua , size = 12.125 KB
[22:03:36.845][info] [#0:script/workspace/loading.lua:100]: Preload file at: file:///home/oscar/.dotfiles/emacs/.config/emacs/mason/packages/lua-language-server/libexec/meta/default%20utf8/System.IO.Pipes.lua , size = 13.634 KB
[22:03:36.852][info] [#0:script/workspace/loading.lua:100]: Preload file at: file:///home/oscar/.dotfiles/emacs/.config/emacs/mason/packages/lua-language-server/libexec/meta/default%20utf8/System.IO.Ports.lua , size = 10.580 KB
[22:03:36.858][info] [#0:script/workspace/loading.lua:100]: Preload file at: file:///home/oscar/.dotfiles/emacs/.config/emacs/mason/packages/lua-language-server/libexec/meta/default%20utf8/System.IO.lua , size = 80.052 KB
[22:03:36.895][info] [#0:script/workspace/loading.lua:100]: Preload file at: file:///home/oscar/.dotfiles/emacs/.config/emacs/mason/packages/lua-language-server/libexec/meta/default%20utf8/System.Linq.Expressions.lua , size = 123.213 KB
[22:03:36.991][info] [#0:script/workspace/loading.lua:100]: Preload file at: file:///home/oscar/.dotfiles/emacs/.config/emacs/mason/packages/lua-language-server/libexec/meta/default%20utf8/System.Linq.lua , size = 90.836 KB
[22:03:37.046][info] [#0:script/workspace/loading.lua:100]: Preload file at: file:///home/oscar/.dotfiles/emacs/.config/emacs/mason/packages/lua-language-server/libexec/meta/default%20utf8/System.Management.Instrumentation.lua , size = 6.796 KB
[22:03:37.049][info] [#0:script/workspace/loading.lua:100]: Preload file at: file:///home/oscar/.dotfiles/emacs/.config/emacs/mason/packages/lua-language-server/libexec/meta/default%20utf8/System.Media.lua , size = 2.497 KB
[22:03:37.094][info] [#0:script/workspace/loading.lua:100]: Preload file at: file:///home/oscar/.dotfiles/emacs/.config/emacs/mason/packages/lua-language-server/libexec/meta/default%20utf8/System.Net.Cache.lua , size = 3.527 KB
[22:03:37.096][info] [#0:script/workspace/loading.lua:100]: Preload file at: file:///home/oscar/.dotfiles/emacs/.config/emacs/mason/packages/lua-language-server/libexec/meta/default%20utf8/System.Net.Configuration.lua , size = 20.063 KB
[22:03:37.102][info] [#0:script/workspace/loading.lua:100]: Preload file at: file:///home/oscar/.dotfiles/emacs/.config/emacs/mason/packages/lua-language-server/libexec/meta/default%20utf8/System.Net.Http.Headers.lua , size = 33.340 KB
[22:03:37.118][info] [#0:script/workspace/loading.lua:100]: Preload file at: file:///home/oscar/.dotfiles/emacs/.config/emacs/mason/packages/lua-language-server/libexec/meta/default%20utf8/System.Net.Http.lua , size = 17.795 KB
[22:03:37.127][info] [#0:script/workspace/loading.lua:100]: Preload file at: file:///home/oscar/.dotfiles/emacs/.config/emacs/mason/packages/lua-language-server/libexec/meta/default%20utf8/System.Net.Mail.lua , size = 18.069 KB
[22:03:37.133][info] [#0:script/workspace/loading.lua:100]: Preload file at: file:///home/oscar/.dotfiles/emacs/.config/emacs/mason/packages/lua-language-server/libexec/meta/default%20utf8/System.Net.Mime.lua , size = 3.519 KB
[22:03:37.135][info] [#0:script/workspace/loading.lua:100]: Preload file at: file:///home/oscar/.dotfiles/emacs/.config/emacs/mason/packages/lua-language-server/libexec/meta/default%20utf8/System.Net.NetworkInformation.lua , size = 51.652 KB
[22:03:37.151][info] [#0:script/workspace/loading.lua:100]: Preload file at: file:///home/oscar/.dotfiles/emacs/.config/emacs/mason/packages/lua-language-server/libexec/meta/default%20utf8/System.Net.Security.lua , size = 27.139 KB
[22:03:37.160][info] [#0:script/workspace/loading.lua:100]: Preload file at: file:///home/oscar/.dotfiles/emacs/.config/emacs/mason/packages/lua-language-server/libexec/meta/default%20utf8/System.Net.Sockets.lua , size = 69.397 KB
[22:03:37.241][info] [#0:script/workspace/loading.lua:100]: Preload file at: file:///home/oscar/.dotfiles/emacs/.config/emacs/mason/packages/lua-language-server/libexec/meta/default%20utf8/System.Net.WebSockets.lua , size = 12.914 KB
[22:03:37.246][info] [#0:script/workspace/loading.lua:100]: Preload file at: file:///home/oscar/.dotfiles/emacs/.config/emacs/mason/packages/lua-language-server/libexec/meta/default%20utf8/System.Net.lua , size = 105.698 KB
[22:03:37.294][info] [#0:script/workspace/loading.lua:100]: Preload file at: file:///home/oscar/.dotfiles/emacs/.config/emacs/mason/packages/lua-language-server/libexec/meta/default%20utf8/System.Numerics.lua , size = 76.475 KB
[22:03:37.386][info] [#0:script/workspace/loading.lua:100]: Preload file at: file:///home/oscar/.dotfiles/emacs/.config/emacs/mason/packages/lua-language-server/libexec/meta/default%20utf8/System.Reflection.Emit.lua , size = 132.136 KB
[22:03:37.620][warn] [#0:script/files.lua:560]: Parse LuaDoc of [file:///home/oscar/.dotfiles/emacs/.config/emacs/mason/packages/lua-language-server/libexec/meta/default%20utf8/System.Reflection.Emit.lua] takes [0.135] sec, size [135.307] kb.
[22:03:37.633][info] [#0:script/workspace/loading.lua:100]: Preload file at: file:///home/oscar/.dotfiles/emacs/.config/emacs/mason/packages/lua-language-server/libexec/meta/default%20utf8/System.Reflection.lua , size = 92.548 KB
[22:03:37.707][info] [#0:script/workspace/loading.lua:100]: Preload file at: file:///home/oscar/.dotfiles/emacs/.config/emacs/mason/packages/lua-language-server/libexec/meta/default%20utf8/System.Resources.lua , size = 7.785 KB
[22:03:37.712][info] [#0:script/workspace/loading.lua:100]: Preload file at: file:///home/oscar/.dotfiles/emacs/.config/emacs/mason/packages/lua-language-server/libexec/meta/default%20utf8/System.Runtime.CompilerServices.lua , size = 44.095 KB
[22:03:37.743][info] [#0:script/workspace/loading.lua:100]: Preload file at: file:///home/oscar/.dotfiles/emacs/.config/emacs/mason/packages/lua-language-server/libexec/meta/default%20utf8/System.Runtime.ConstrainedExecution.lua , size = 2.079 KB
[22:03:37.744][info] [#0:script/workspace/loading.lua:100]: Preload file at: file:///home/oscar/.dotfiles/emacs/.config/emacs/mason/packages/lua-language-server/libexec/meta/default%20utf8/System.Runtime.DesignerServices.lua , size = 0.981 KB
[22:03:37.745][info] [#0:script/workspace/loading.lua:100]: Preload file at: file:///home/oscar/.dotfiles/emacs/.config/emacs/mason/packages/lua-language-server/libexec/meta/default%20utf8/System.Runtime.ExceptionServices.lua , size = 1.038 KB
[22:03:37.746][info] [#0:script/workspace/loading.lua:100]: Preload file at: file:///home/oscar/.dotfiles/emacs/.config/emacs/mason/packages/lua-language-server/libexec/meta/default%20utf8/System.Runtime.Hosting.lua , size = 1.122 KB
[22:03:37.858][info] [#0:script/workspace/loading.lua:100]: Preload file at: file:///home/oscar/.dotfiles/emacs/.config/emacs/mason/packages/lua-language-server/libexec/meta/default%20utf8/System.Runtime.InteropServices.Expando.lua , size = 0.789 KB
[22:03:37.860][info] [#0:script/workspace/loading.lua:100]: Preload file at: file:///home/oscar/.dotfiles/emacs/.config/emacs/mason/packages/lua-language-server/libexec/meta/default%20utf8/System.Runtime.InteropServices.ComTypes.lua , size = 67.928 KB
[22:03:37.900][info] [#0:script/workspace/loading.lua:100]: Preload file at: file:///home/oscar/.dotfiles/emacs/.config/emacs/mason/packages/lua-language-server/libexec/meta/default%20utf8/System.Runtime.InteropServices.WindowsRuntime.lua , size = 8.978 KB
[22:03:37.906][info] [#0:script/workspace/loading.lua:100]: Preload file at: file:///home/oscar/.dotfiles/emacs/.config/emacs/mason/packages/lua-language-server/libexec/meta/default%20utf8/System.Runtime.InteropServices.lua , size = 211.883 KB
[22:03:38.056][info] [#0:script/workspace/loading.lua:100]: Preload file at: file:///home/oscar/.dotfiles/emacs/.config/emacs/mason/packages/lua-language-server/libexec/meta/default%20utf8/System.Runtime.Remoting.Activation.lua , size = 3.042 KB
[22:03:38.159][info] [#0:script/workspace/loading.lua:100]: Preload file at: file:///home/oscar/.dotfiles/emacs/.config/emacs/mason/packages/lua-language-server/libexec/meta/default%20utf8/System.Runtime.Remoting.Contexts.lua , size = 11.392 KB
[22:03:38.168][info] [#0:script/workspace/loading.lua:100]: Preload file at: file:///home/oscar/.dotfiles/emacs/.config/emacs/mason/packages/lua-language-server/libexec/meta/default%20utf8/System.Runtime.Remoting.Channels.lua , size = 20.468 KB
[22:03:38.183][info] [#0:script/workspace/loading.lua:100]: Preload file at: file:///home/oscar/.dotfiles/emacs/.config/emacs/mason/packages/lua-language-server/libexec/meta/default%20utf8/System.Runtime.Remoting.Lifetime.lua , size = 3.589 KB
[22:03:38.186][info] [#0:script/workspace/loading.lua:100]: Preload file at: file:///home/oscar/.dotfiles/emacs/.config/emacs/mason/packages/lua-language-server/libexec/meta/default%20utf8/System.Runtime.Remoting.Messaging.lua , size = 21.586 KB
[22:03:38.199][info] [#0:script/workspace/loading.lua:100]: Preload file at: file:///home/oscar/.dotfiles/emacs/.config/emacs/mason/packages/lua-language-server/libexec/meta/default%20utf8/System.Runtime.Remoting.Metadata.W3cXsd2001.lua , size = 21.497 KB
[22:03:38.214][info] [#0:script/workspace/loading.lua:100]: Preload file at: file:///home/oscar/.dotfiles/emacs/.config/emacs/mason/packages/lua-language-server/libexec/meta/default%20utf8/System.Runtime.Remoting.Metadata.lua , size = 3.699 KB
[22:03:38.216][info] [#0:script/workspace/loading.lua:100]: Preload file at: file:///home/oscar/.dotfiles/emacs/.config/emacs/mason/packages/lua-language-server/libexec/meta/default%20utf8/System.Runtime.Remoting.Proxies.lua , size = 3.094 KB
[22:03:38.218][info] [#0:script/workspace/loading.lua:100]: Preload file at: file:///home/oscar/.dotfiles/emacs/.config/emacs/mason/packages/lua-language-server/libexec/meta/default%20utf8/System.Runtime.Remoting.Services.lua , size = 2.211 KB
[22:03:38.220][info] [#0:script/workspace/loading.lua:100]: Preload file at: file:///home/oscar/.dotfiles/emacs/.config/emacs/mason/packages/lua-language-server/libexec/meta/default%20utf8/System.Runtime.Remoting.lua , size = 20.229 KB
[22:03:38.239][info] [#0:script/workspace/loading.lua:100]: Preload file at: file:///home/oscar/.dotfiles/emacs/.config/emacs/mason/packages/lua-language-server/libexec/meta/default%20utf8/System.Runtime.Serialization.Configuration.lua , size = 8.192 KB
[22:03:38.242][info] [#0:script/workspace/loading.lua:100]: Preload file at: file:///home/oscar/.dotfiles/emacs/.config/emacs/mason/packages/lua-language-server/libexec/meta/default%20utf8/System.Runtime.Serialization.Formatters.Binary.lua , size = 2.783 KB
[22:03:38.244][info] [#0:script/workspace/loading.lua:100]: Preload file at: file:///home/oscar/.dotfiles/emacs/.config/emacs/mason/packages/lua-language-server/libexec/meta/default%20utf8/System.Runtime.Serialization.Formatters.lua , size = 5.704 KB
[22:03:38.248][info] [#0:script/workspace/loading.lua:100]: Preload file at: file:///home/oscar/.dotfiles/emacs/.config/emacs/mason/packages/lua-language-server/libexec/meta/default%20utf8/System.Runtime.Serialization.Json.lua , size = 10.233 KB
[22:03:38.253][info] [#0:script/workspace/loading.lua:100]: Preload file at: file:///home/oscar/.dotfiles/emacs/.config/emacs/mason/packages/lua-language-server/libexec/meta/default%20utf8/System.Runtime.Serialization.lua , size = 57.881 KB
[22:03:38.292][info] [#0:script/workspace/loading.lua:100]: Preload file at: file:///home/oscar/.dotfiles/emacs/.config/emacs/mason/packages/lua-language-server/libexec/meta/default%20utf8/System.Runtime.Versioning.lua , size = 4.865 KB
[22:03:38.295][info] [#0:script/workspace/loading.lua:100]: Preload file at: file:///home/oscar/.dotfiles/emacs/.config/emacs/mason/packages/lua-language-server/libexec/meta/default%20utf8/System.Runtime.lua , size = 2.640 KB
[22:03:38.297][info] [#0:script/workspace/loading.lua:100]: Preload file at: file:///home/oscar/.dotfiles/emacs/.config/emacs/mason/packages/lua-language-server/libexec/meta/default%20utf8/System.Security.AccessControl.lua , size = 85.320 KB
[22:03:38.341][info] [#0:script/workspace/loading.lua:100]: Preload file at: file:///home/oscar/.dotfiles/emacs/.config/emacs/mason/packages/lua-language-server/libexec/meta/default%20utf8/System.Security.Authentication.ExtendedProtection.Configuration.lua , size = 2.905 KB
[22:03:38.343][info] [#0:script/workspace/loading.lua:100]: Preload file at: file:///home/oscar/.dotfiles/emacs/.config/emacs/mason/packages/lua-language-server/libexec/meta/default%20utf8/System.Security.Authentication.ExtendedProtection.lua , size = 6.107 KB
[22:03:38.346][info] [#0:script/workspace/loading.lua:100]: Preload file at: file:///home/oscar/.dotfiles/emacs/.config/emacs/mason/packages/lua-language-server/libexec/meta/default%20utf8/System.Security.Authentication.lua , size = 3.254 KB
[22:03:38.348][info] [#0:script/workspace/loading.lua:100]: Preload file at: file:///home/oscar/.dotfiles/emacs/.config/emacs/mason/packages/lua-language-server/libexec/meta/default%20utf8/System.Security.Claims.lua , size = 11.056 KB
[22:03:38.358][info] [#0:script/workspace/loading.lua:100]: Preload file at: file:///home/oscar/.dotfiles/emacs/.config/emacs/mason/packages/lua-language-server/libexec/meta/default%20utf8/System.Security.Cryptography.X509Certificates.lua , size = 52.798 KB
[22:03:38.388][info] [#0:script/workspace/loading.lua:100]: Preload file at: file:///home/oscar/.dotfiles/emacs/.config/emacs/mason/packages/lua-language-server/libexec/meta/default%20utf8/System.Security.Cryptography.lua , size = 136.015 KB
[22:03:38.462][info] [#0:script/workspace/loading.lua:100]: Preload file at: file:///home/oscar/.dotfiles/emacs/.config/emacs/mason/packages/lua-language-server/libexec/meta/default%20utf8/System.Security.Permissions.lua , size = 60.844 KB
[22:03:38.497][info] [#0:script/workspace/loading.lua:100]: Preload file at: file:///home/oscar/.dotfiles/emacs/.config/emacs/mason/packages/lua-language-server/libexec/meta/default%20utf8/System.Security.Policy.lua , size = 43.002 KB
[22:03:38.523][info] [#0:script/workspace/loading.lua:100]: Preload file at: file:///home/oscar/.dotfiles/emacs/.config/emacs/mason/packages/lua-language-server/libexec/meta/default%20utf8/System.Security.Principal.lua , size = 22.007 KB
[22:03:38.539][info] [#0:script/workspace/loading.lua:100]: Preload file at: file:///home/oscar/.dotfiles/emacs/.config/emacs/mason/packages/lua-language-server/libexec/meta/default%20utf8/System.Security.lua , size = 28.059 KB
[22:03:38.563][info] [#0:script/workspace/loading.lua:100]: Preload file at: file:///home/oscar/.dotfiles/emacs/.config/emacs/mason/packages/lua-language-server/libexec/meta/default%20utf8/System.Text.RegularExpressions.lua , size = 16.256 KB
[22:03:38.573][info] [#0:script/workspace/loading.lua:100]: Preload file at: file:///home/oscar/.dotfiles/emacs/.config/emacs/mason/packages/lua-language-server/libexec/meta/default%20utf8/System.Text.lua , size = 45.507 KB
[22:03:38.612][info] [#0:script/workspace/loading.lua:100]: Preload file at: file:///home/oscar/.dotfiles/emacs/.config/emacs/mason/packages/lua-language-server/libexec/meta/default%20utf8/System.Threading.Tasks.lua , size = 79.859 KB
[22:03:38.678][info] [#0:script/workspace/loading.lua:100]: Preload file at: file:///home/oscar/.dotfiles/emacs/.config/emacs/mason/packages/lua-language-server/libexec/meta/default%20utf8/System.Threading.lua , size = 76.587 KB
[22:03:38.837][info] [#0:script/workspace/loading.lua:100]: Preload file at: file:///home/oscar/.dotfiles/emacs/.config/emacs/mason/packages/lua-language-server/libexec/meta/default%20utf8/System.Timers.lua , size = 2.220 KB
[22:03:38.855][info] [#0:script/workspace/loading.lua:100]: Preload file at: file:///home/oscar/.dotfiles/emacs/.config/emacs/mason/packages/lua-language-server/libexec/meta/default%20utf8/System.Web.lua , size = 2.355 KB
[22:03:38.876][info] [#0:script/workspace/loading.lua:100]: Preload file at: file:///home/oscar/.dotfiles/emacs/.config/emacs/mason/packages/lua-language-server/libexec/meta/default%20utf8/System.Windows.Input.lua , size = 0.708 KB
[22:03:38.884][info] [#0:script/workspace/loading.lua:100]: Preload file at: file:///home/oscar/.dotfiles/emacs/.config/emacs/mason/packages/lua-language-server/libexec/meta/default%20utf8/System.Windows.Markup.lua , size = 0.304 KB
[22:03:38.886][info] [#0:script/workspace/loading.lua:100]: Preload file at: file:///home/oscar/.dotfiles/emacs/.config/emacs/mason/packages/lua-language-server/libexec/meta/default%20utf8/System.Xml.Linq.lua , size = 39.577 KB
[22:03:39.002][info] [#0:script/workspace/loading.lua:100]: Preload file at: file:///home/oscar/.dotfiles/emacs/.config/emacs/mason/packages/lua-language-server/libexec/meta/default%20utf8/System.Xml.Resolvers.lua , size = 2.564 KB
[22:03:39.011][info] [#0:script/workspace/loading.lua:100]: Preload file at: file:///home/oscar/.dotfiles/emacs/.config/emacs/mason/packages/lua-language-server/libexec/meta/default%20utf8/System.Xml.Schema.lua , size = 59.300 KB
[22:03:39.068][info] [#0:script/workspace/loading.lua:100]: Preload file at: file:///home/oscar/.dotfiles/emacs/.config/emacs/mason/packages/lua-language-server/libexec/meta/default%20utf8/System.Xml.Serialization.Advanced.lua , size = 4.420 KB
[22:03:39.071][info] [#0:script/workspace/loading.lua:100]: Preload file at: file:///home/oscar/.dotfiles/emacs/.config/emacs/mason/packages/lua-language-server/libexec/meta/default%20utf8/System.Xml.Serialization.Configuration.lua , size = 5.143 KB
[22:03:39.073][info] [#0:script/workspace/loading.lua:100]: Preload file at: file:///home/oscar/.dotfiles/emacs/.config/emacs/mason/packages/lua-language-server/libexec/meta/default%20utf8/System.Xml.Serialization.lua , size = 60.651 KB
[22:03:39.108][info] [#0:script/workspace/loading.lua:100]: Preload file at: file:///home/oscar/.dotfiles/emacs/.config/emacs/mason/packages/lua-language-server/libexec/meta/default%20utf8/System.Xml.XPath.lua , size = 24.373 KB
[22:03:39.120][info] [#0:script/workspace/loading.lua:100]: Preload file at: file:///home/oscar/.dotfiles/emacs/.config/emacs/mason/packages/lua-language-server/libexec/meta/default%20utf8/System.Xml.XmlConfiguration.lua , size = 0.634 KB
[22:03:39.231][info] [#0:script/workspace/loading.lua:100]: Preload file at: file:///home/oscar/.dotfiles/emacs/.config/emacs/mason/packages/lua-language-server/libexec/meta/default%20utf8/System.Xml.lua , size = 173.105 KB
[22:03:39.338][info] [#0:script/workspace/loading.lua:100]: Preload file at: file:///home/oscar/.dotfiles/emacs/.config/emacs/mason/packages/lua-language-server/libexec/meta/default%20utf8/System.Xml.Xsl.lua , size = 18.479 KB
[22:03:39.346][info] [#0:script/workspace/loading.lua:100]: Preload file at: file:///home/oscar/.dotfiles/emacs/.config/emacs/mason/packages/lua-language-server/libexec/meta/default%20utf8/System.lua , size = 418.521 KB
[22:03:39.541][warn] [#0:script/files.lua:560]: Parse LuaDoc of [file:///home/oscar/.dotfiles/emacs/.config/emacs/mason/packages/lua-language-server/libexec/meta/default%20utf8/System.lua] takes [0.141] sec, size [428.566] kb.
[22:03:39.690][info] [#0:script/workspace/loading.lua:100]: Preload file at: file:///home/oscar/.dotfiles/emacs/.config/emacs/mason/packages/lua-language-server/libexec/meta/default%20utf8/UnityEngine.AI.lua , size = 45.281 KB
[22:03:39.726][info] [#0:script/workspace/loading.lua:100]: Preload file at: file:///home/oscar/.dotfiles/emacs/.config/emacs/mason/packages/lua-language-server/libexec/meta/default%20utf8/UnityEngine.Accessibility.lua , size = 1.033 KB
[22:03:39.727][warn] [#0:script/proto/proto.lua:189]: Method [textDocument/didChange] takes [0.505]sec. {
  jsonrpc = "2.0",
  method = "textDocument/didChange",
  params = {
    contentChanges = { {
        range = {
          end = {
            character = 45,
            line = 10
          },
          start = {
            character = 45,
            line = 10
          }
        },
        rangeLength = 0,
        text = "'"
      } },
    textDocument = {
      uri = "file:///home/oscar/.dotfiles/elephant/.config/elephant/menus/wallpapers.lua",
      version = 6
    }
  }
}
[22:03:39.728][warn] [#0:script/proto/proto.lua:189]: Method [textDocument/completion] takes [0.505]sec. {
  id = 36,
  jsonrpc = "2.0",
  method = "textDocument/completion",
  params = {
    context = {
      triggerCharacter = "'",
      triggerKind = 2
    },
    position = {
      character = 46,
      line = 10
    },
    textDocument = {
      uri = "file:///home/oscar/.dotfiles/elephant/.config/elephant/menus/wallpapers.lua"
    }
  }
}
[22:03:39.728][warn] [#0:script/proto/proto.lua:189]: Method [textDocument/hover] takes [0.506]sec. {
  id = 37,
  jsonrpc = "2.0",
  method = "textDocument/hover",
  params = {
    position = {
      character = 46,
      line = 10
    },
    textDocument = {
      uri = "file:///home/oscar/.dotfiles/elephant/.config/elephant/menus/wallpapers.lua"
    }
  }
}
[22:03:39.728][warn] [#0:script/proto/proto.lua:189]: Method [textDocument/didSave] takes [0.506]sec. {
  jsonrpc = "2.0",
  method = "textDocument/didSave",
  params = {
    text = "Name = \"wallpapers\"\nNamePretty = \"Wallpapers\"\nHideFromProviderlist = true\nCache = false\nGlobalSearch = false\n\nfunction ApplyWallpaper(wallpaper)\n\tlocal wallpapers_dir = os.getenv(\"HOME\") .. \"/Imágenes/Wallpapers\"\n\tos.execute('awww img \"' .. wallpaper .. '\" --transition-type center')\n\tos.execute(\"ln -s '\" .. wallpaper .. \"' \" .. wallpapers_dir .. \"/.current_wallpaper\")\n\tos.execute(\"matugen image '\" .. wallpaper..\"'\")\nend\n\nfunction GetEntries()\n\tlocal entries = {}\n\tlocal wallpapers_dir = os.getenv(\"HOME\") .. \"/Imágenes/Wallpapers\"\n\tlocal find_cmd = \"find '\"\n\t\t.. wallpapers_dir\n\t\t.. '\\' -maxdepth 1 -type f \\\\( -iname \"*.png\" -o -iname \"*.jpg\" -o -iname \"*.jpeg\" -o -iname \"*.webp\" -o -iname \"*.gif\" -o -iname \"*.svg\" \\\\) 2>/dev/null'\n\n\tlocal wallpaper_see = io.popen(find_cmd)\n\tif wallpaper_see then\n\t\tfor line in wallpaper_see:lines() do\n\t\t\tlocal filename = line:match(\"([^/]+)$\")\n\t\t\tif filename then\n\t\t\t\ttable.insert(entries, {\n\t\t\t\t\tText = filename:gsub(\"%.[^.]+$\", \"\"),\n\t\t\t\t\tValue = line,\n\t\t\t\t\tPreview = line,\n\t\t\t\t\tPreviewType = \"file\",\n\t\t\t\t\tActions = { apply = \"lua:ApplyWallpaper\" },\n\t\t\t\t})\n\t\t\tend\n\t\tend\n\t\twallpaper_see:close()\n\tend\n\treturn entries\nend\n",
    textDocument = {
      uri = "file:///home/oscar/.dotfiles/elephant/.config/elephant/menus/wallpapers.lua"
    }
  }
}
[22:03:39.728][warn] [#0:script/proto/proto.lua:189]: Method [textDocument/didChange] takes [0.506]sec. {
  jsonrpc = "2.0",
  method = "textDocument/didChange",
  params = {
    contentChanges = { {
        range = {
          end = {
            character = 0,
            line = 11
          },
          start = {
            character = 0,
            line = 10
          }
        },
        rangeLength = 49,
        text = "\tos.execute(\"matugen image '\" .. wallpaper .. \"'\")\n"
      } },
    textDocument = {
      uri = "file:///home/oscar/.dotfiles/elephant/.config/elephant/menus/wallpapers.lua",
      version = 7
    }
  }
}
[22:03:39.728][warn] [#0:script/proto/proto.lua:189]: Method [textDocument/didSave] takes [0.506]sec. {
  jsonrpc = "2.0",
  method = "textDocument/didSave",
  params = {
    text = "Name = \"wallpapers\"\nNamePretty = \"Wallpapers\"\nHideFromProviderlist = true\nCache = false\nGlobalSearch = false\n\nfunction ApplyWallpaper(wallpaper)\n\tlocal wallpapers_dir = os.getenv(\"HOME\") .. \"/Imágenes/Wallpapers\"\n\tos.execute('awww img \"' .. wallpaper .. '\" --transition-type center')\n\tos.execute(\"ln -s '\" .. wallpaper .. \"' \" .. wallpapers_dir .. \"/.current_wallpaper\")\n\tos.execute(\"matugen image '\" .. wallpaper .. \"'\")\nend\n\nfunction GetEntries()\n\tlocal entries = {}\n\tlocal wallpapers_dir = os.getenv(\"HOME\") .. \"/Imágenes/Wallpapers\"\n\tlocal find_cmd = \"find '\"\n\t\t.. wallpapers_dir\n\t\t.. '\\' -maxdepth 1 -type f \\\\( -iname \"*.png\" -o -iname \"*.jpg\" -o -iname \"*.jpeg\" -o -iname \"*.webp\" -o -iname \"*.gif\" -o -iname \"*.svg\" \\\\) 2>/dev/null'\n\n\tlocal wallpaper_see = io.popen(find_cmd)\n\tif wallpaper_see then\n\t\tfor line in wallpaper_see:lines() do\n\t\t\tlocal filename = line:match(\"([^/]+)$\")\n\t\t\tif filename then\n\t\t\t\ttable.insert(entries, {\n\t\t\t\t\tText = filename:gsub(\"%.[^.]+$\", \"\"),\n\t\t\t\t\tValue = line,\n\t\t\t\t\tPreview = line,\n\t\t\t\t\tPreviewType = \"file\",\n\t\t\t\t\tActions = { apply = \"lua:ApplyWallpaper\" },\n\t\t\t\t})\n\t\t\tend\n\t\tend\n\t\twallpaper_see:close()\n\tend\n\treturn entries\nend\n",
    textDocument = {
      uri = "file:///home/oscar/.dotfiles/elephant/.config/elephant/menus/wallpapers.lua"
    }
  }
}
[22:03:39.729][info] [#0:script/workspace/loading.lua:100]: Preload file at: file:///home/oscar/.dotfiles/emacs/.config/emacs/mason/packages/lua-language-server/libexec/meta/default%20utf8/UnityEngine.Android.lua , size = 22.264 KB
[22:03:39.742][info] [#0:script/workspace/loading.lua:100]: Preload file at: file:///home/oscar/.dotfiles/emacs/.config/emacs/mason/packages/lua-language-server/libexec/meta/default%20utf8/UnityEngine.Analytics.lua , size = 90.617 KB
[22:03:39.814][info] [#0:script/workspace/loading.lua:100]: Preload file at: file:///home/oscar/.dotfiles/emacs/.config/emacs/mason/packages/lua-language-server/libexec/meta/default%20utf8/UnityEngine.Animations.lua , size = 105.935 KB
[22:03:39.896][info] [#0:script/workspace/loading.lua:100]: Preload file at: file:///home/oscar/.dotfiles/emacs/.config/emacs/mason/packages/lua-language-server/libexec/meta/default%20utf8/UnityEngine.Apple.ReplayKit.lua , size = 7.503 KB
[22:03:39.902][info] [#0:script/workspace/loading.lua:100]: Preload file at: file:///home/oscar/.dotfiles/emacs/.config/emacs/mason/packages/lua-language-server/libexec/meta/default%20utf8/UnityEngine.Apple.TV.lua , size = 0.445 KB
[22:03:39.903][info] [#0:script/workspace/loading.lua:100]: Preload file at: file:///home/oscar/.dotfiles/emacs/.config/emacs/mason/packages/lua-language-server/libexec/meta/default%20utf8/UnityEngine.Apple.lua , size = 2.058 KB
[22:03:39.905][info] [#0:script/workspace/loading.lua:100]: Preload file at: file:///home/oscar/.dotfiles/emacs/.config/emacs/mason/packages/lua-language-server/libexec/meta/default%20utf8/UnityEngine.Assertions.Comparers.lua , size = 1.718 KB
[22:03:39.907][info] [#0:script/workspace/loading.lua:100]: Preload file at: file:///home/oscar/.dotfiles/emacs/.config/emacs/mason/packages/lua-language-server/libexec/meta/default%20utf8/UnityEngine.Assertions.Must.lua , size = 4.223 KB
[22:03:39.911][info] [#0:script/workspace/loading.lua:100]: Preload file at: file:///home/oscar/.dotfiles/emacs/.config/emacs/mason/packages/lua-language-server/libexec/meta/default%20utf8/UnityEngine.Assertions.lua , size = 27.176 KB
[22:03:39.930][info] [#0:script/workspace/loading.lua:100]: Preload file at: file:///home/oscar/.dotfiles/emacs/.config/emacs/mason/packages/lua-language-server/libexec/meta/default%20utf8/UnityEngine.Audio.lua , size = 11.520 KB
[22:03:39.940][info] [#0:script/workspace/loading.lua:100]: Preload file at: file:///home/oscar/.dotfiles/emacs/.config/emacs/mason/packages/lua-language-server/libexec/meta/default%20utf8/UnityEngine.Build.Pipeline.lua , size = 3.447 KB
[22:03:39.943][info] [#0:script/workspace/loading.lua:100]: Preload file at: file:///home/oscar/.dotfiles/emacs/.config/emacs/mason/packages/lua-language-server/libexec/meta/default%20utf8/UnityEngine.CrashReportHandler.lua , size = 1.337 KB
[22:03:39.944][info] [#0:script/workspace/loading.lua:100]: Preload file at: file:///home/oscar/.dotfiles/emacs/.config/emacs/mason/packages/lua-language-server/libexec/meta/default%20utf8/UnityEngine.Diagnostics.lua , size = 2.951 KB
[22:03:39.947][info] [#0:script/workspace/loading.lua:100]: Preload file at: file:///home/oscar/.dotfiles/emacs/.config/emacs/mason/packages/lua-language-server/libexec/meta/default%20utf8/UnityEngine.EventSystems.lua , size = 34.987 KB
[22:03:39.977][info] [#0:script/workspace/loading.lua:100]: Preload file at: file:///home/oscar/.dotfiles/emacs/.config/emacs/mason/packages/lua-language-server/libexec/meta/default%20utf8/UnityEngine.Events.lua , size = 12.489 KB
[22:03:39.988][info] [#0:script/workspace/loading.lua:100]: Preload file at: file:///home/oscar/.dotfiles/emacs/.config/emacs/mason/packages/lua-language-server/libexec/meta/default%20utf8/UnityEngine.Experimental.AI.lua , size = 15.264 KB
[22:03:39.998][info] [#0:script/workspace/loading.lua:100]: Preload file at: file:///home/oscar/.dotfiles/emacs/.config/emacs/mason/packages/lua-language-server/libexec/meta/default%20utf8/UnityEngine.Experimental.Animations.lua , size = 2.645 KB
[22:03:40.000][info] [#0:script/workspace/loading.lua:100]: Preload file at: file:///home/oscar/.dotfiles/emacs/.config/emacs/mason/packages/lua-language-server/libexec/meta/default%20utf8/UnityEngine.Experimental.AssetBundlePatching.lua , size = 0.479 KB
[22:03:40.001][info] [#0:script/workspace/loading.lua:100]: Preload file at: file:///home/oscar/.dotfiles/emacs/.config/emacs/mason/packages/lua-language-server/libexec/meta/default%20utf8/UnityEngine.Experimental.Audio.lua , size = 9.348 KB
[22:03:40.008][info] [#0:script/workspace/loading.lua:100]: Preload file at: file:///home/oscar/.dotfiles/emacs/.config/emacs/mason/packages/lua-language-server/libexec/meta/default%20utf8/UnityEngine.Experimental.GlobalIllumination.lua , size = 30.305 KB
[22:03:40.028][info] [#0:script/workspace/loading.lua:100]: Preload file at: file:///home/oscar/.dotfiles/emacs/.config/emacs/mason/packages/lua-language-server/libexec/meta/default%20utf8/UnityEngine.Experimental.Playables.lua , size = 7.727 KB
[22:03:40.035][info] [#0:script/workspace/loading.lua:100]: Preload file at: file:///home/oscar/.dotfiles/emacs/.config/emacs/mason/packages/lua-language-server/libexec/meta/default%20utf8/UnityEngine.Experimental.Rendering.lua , size = 98.020 KB
[22:03:40.083][info] [#0:script/workspace/loading.lua:100]: Preload file at: file:///home/oscar/.dotfiles/emacs/.config/emacs/mason/packages/lua-language-server/libexec/meta/default%20utf8/UnityEngine.Experimental.TerrainAPI.lua , size = 31.936 KB
[22:03:40.106][info] [#0:script/workspace/loading.lua:100]: Preload file at: file:///home/oscar/.dotfiles/emacs/.config/emacs/mason/packages/lua-language-server/libexec/meta/default%20utf8/UnityEngine.Experimental.Video.lua , size = 3.693 KB
[22:03:40.110][info] [#0:script/workspace/loading.lua:100]: Preload file at: file:///home/oscar/.dotfiles/emacs/.config/emacs/mason/packages/lua-language-server/libexec/meta/default%20utf8/UnityEngine.Internal.lua , size = 0.736 KB
[22:03:40.111][info] [#0:script/workspace/loading.lua:100]: Preload file at: file:///home/oscar/.dotfiles/emacs/.config/emacs/mason/packages/lua-language-server/libexec/meta/default%20utf8/UnityEngine.Jobs.lua , size = 4.501 KB
[22:03:40.115][info] [#0:script/workspace/loading.lua:100]: Preload file at: file:///home/oscar/.dotfiles/emacs/.config/emacs/mason/packages/lua-language-server/libexec/meta/default%20utf8/UnityEngine.LowLevel.lua , size = 2.970 KB
[22:03:40.118][info] [#0:script/workspace/loading.lua:100]: Preload file at: file:///home/oscar/.dotfiles/emacs/.config/emacs/mason/packages/lua-language-server/libexec/meta/default%20utf8/UnityEngine.Lumin.lua , size = 0.420 KB
[22:03:40.118][info] [#0:script/workspace/loading.lua:100]: Preload file at: file:///home/oscar/.dotfiles/emacs/.config/emacs/mason/packages/lua-language-server/libexec/meta/default%20utf8/UnityEngine.Networking.Match.lua , size = 9.843 KB
[22:03:40.126][info] [#0:script/workspace/loading.lua:100]: Preload file at: file:///home/oscar/.dotfiles/emacs/.config/emacs/mason/packages/lua-language-server/libexec/meta/default%20utf8/UnityEngine.Networking.PlayerConnection.lua , size = 4.080 KB
[22:03:40.129][info] [#0:script/workspace/loading.lua:100]: Preload file at: file:///home/oscar/.dotfiles/emacs/.config/emacs/mason/packages/lua-language-server/libexec/meta/default%20utf8/UnityEngine.Networking.Types.lua , size = 4.943 KB
[22:03:40.133][info] [#0:script/workspace/loading.lua:100]: Preload file at: file:///home/oscar/.dotfiles/emacs/.config/emacs/mason/packages/lua-language-server/libexec/meta/default%20utf8/UnityEngine.Networking.lua , size = 104.473 KB
[22:03:40.202][info] [#0:script/workspace/loading.lua:100]: Preload file at: file:///home/oscar/.dotfiles/emacs/.config/emacs/mason/packages/lua-language-server/libexec/meta/default%20utf8/UnityEngine.ParticleSystemJobs.lua , size = 7.643 KB
[22:03:40.208][info] [#0:script/workspace/loading.lua:100]: Preload file at: file:///home/oscar/.dotfiles/emacs/.config/emacs/mason/packages/lua-language-server/libexec/meta/default%20utf8/UnityEngine.Playables.lua , size = 53.928 KB
[22:03:40.248][info] [#0:script/workspace/loading.lua:100]: Preload file at: file:///home/oscar/.dotfiles/emacs/.config/emacs/mason/packages/lua-language-server/libexec/meta/default%20utf8/UnityEngine.PlayerLoop.lua , size = 33.623 KB
[22:03:40.269][info] [#0:script/workspace/loading.lua:100]: Preload file at: file:///home/oscar/.dotfiles/emacs/.config/emacs/mason/packages/lua-language-server/libexec/meta/default%20utf8/UnityEngine.Profiling.Experimental.lua , size = 0.731 KB
[22:03:40.270][info] [#0:script/workspace/loading.lua:100]: Preload file at: file:///home/oscar/.dotfiles/emacs/.config/emacs/mason/packages/lua-language-server/libexec/meta/default%20utf8/UnityEngine.Profiling.Memory.Experimental.lua , size = 3.857 KB
[22:03:40.273][info] [#0:script/workspace/loading.lua:100]: Preload file at: file:///home/oscar/.dotfiles/emacs/.config/emacs/mason/packages/lua-language-server/libexec/meta/default%20utf8/UnityEngine.Profiling.lua , size = 15.659 KB
[22:03:40.285][info] [#0:script/workspace/loading.lua:100]: Preload file at: file:///home/oscar/.dotfiles/emacs/.config/emacs/mason/packages/lua-language-server/libexec/meta/default%20utf8/UnityEngine.Rendering.PostProcessing.lua , size = 98.178 KB
[22:03:40.352][info] [#0:script/workspace/loading.lua:100]: Preload file at: file:///home/oscar/.dotfiles/emacs/.config/emacs/mason/packages/lua-language-server/libexec/meta/default%20utf8/UnityEngine.Rendering.VirtualTexturing.lua , size = 24.665 KB
[22:03:40.370][info] [#0:script/workspace/loading.lua:100]: Preload file at: file:///home/oscar/.dotfiles/emacs/.config/emacs/mason/packages/lua-language-server/libexec/meta/default%20utf8/UnityEngine.Rendering.lua , size = 426.643 KB
[22:03:40.599][warn] [#0:script/files.lua:560]: Parse LuaDoc of [file:///home/oscar/.dotfiles/emacs/.config/emacs/mason/packages/lua-language-server/libexec/meta/default%20utf8/UnityEngine.Rendering.lua] takes [0.152] sec, size [436.882] kb.
[22:03:40.648][info] [#0:script/workspace/loading.lua:100]: Preload file at: file:///home/oscar/.dotfiles/emacs/.config/emacs/mason/packages/lua-language-server/libexec/meta/default%20utf8/UnityEngine.SceneManagement.lua , size = 23.765 KB
[22:03:40.663][info] [#0:script/workspace/loading.lua:100]: Preload file at: file:///home/oscar/.dotfiles/emacs/.config/emacs/mason/packages/lua-language-server/libexec/meta/default%20utf8/UnityEngine.Scripting.APIUpdating.lua , size = 0.296 KB
[22:03:40.664][warn] [#0:script/proto/proto.lua:189]: Method [textDocument/hover] takes [1.446]sec. {
  id = 39,
  jsonrpc = "2.0",
  method = "textDocument/hover",
  params = {
    position = {
      character = 48,
      line = 10
    },
    textDocument = {
      uri = "file:///home/oscar/.dotfiles/elephant/.config/elephant/menus/wallpapers.lua"
    }
  }
}
[22:03:40.667][info] [#0:script/workspace/loading.lua:100]: Preload file at: file:///home/oscar/.dotfiles/emacs/.config/emacs/mason/packages/lua-language-server/libexec/meta/default%20utf8/UnityEngine.SearchService.lua , size = 1.175 KB
[22:03:40.668][info] [#0:script/workspace/loading.lua:100]: Preload file at: file:///home/oscar/.dotfiles/emacs/.config/emacs/mason/packages/lua-language-server/libexec/meta/default%20utf8/UnityEngine.Scripting.lua , size = 4.674 KB
[22:03:40.672][info] [#0:script/workspace/loading.lua:100]: Preload file at: file:///home/oscar/.dotfiles/emacs/.config/emacs/mason/packages/lua-language-server/libexec/meta/default%20utf8/UnityEngine.Serialization.lua , size = 1.281 KB
[22:03:40.674][info] [#0:script/workspace/loading.lua:100]: Preload file at: file:///home/oscar/.dotfiles/emacs/.config/emacs/mason/packages/lua-language-server/libexec/meta/default%20utf8/UnityEngine.SocialPlatforms.GameCenter.lua , size = 3.634 KB
[22:03:40.677][info] [#0:script/workspace/loading.lua:100]: Preload file at: file:///home/oscar/.dotfiles/emacs/.config/emacs/mason/packages/lua-language-server/libexec/meta/default%20utf8/UnityEngine.SocialPlatforms.Impl.lua , size = 9.355 KB
[22:03:40.687][info] [#0:script/workspace/loading.lua:100]: Preload file at: file:///home/oscar/.dotfiles/emacs/.config/emacs/mason/packages/lua-language-server/libexec/meta/default%20utf8/UnityEngine.SocialPlatforms.lua , size = 15.120 KB
[22:03:40.700][info] [#0:script/workspace/loading.lua:100]: Preload file at: file:///home/oscar/.dotfiles/emacs/.config/emacs/mason/packages/lua-language-server/libexec/meta/default%20utf8/UnityEngine.Sprites.lua , size = 1.006 KB
[22:03:40.702][info] [#0:script/workspace/loading.lua:100]: Preload file at: file:///home/oscar/.dotfiles/emacs/.config/emacs/mason/packages/lua-language-server/libexec/meta/default%20utf8/UnityEngine.Subsystems.lua , size = 1.105 KB
[22:03:40.703][info] [#0:script/workspace/loading.lua:100]: Preload file at: file:///home/oscar/.dotfiles/emacs/.config/emacs/mason/packages/lua-language-server/libexec/meta/default%20utf8/UnityEngine.SubsystemsImplementation.Extensions.lua , size = 0.854 KB
[22:03:40.704][info] [#0:script/workspace/loading.lua:100]: Preload file at: file:///home/oscar/.dotfiles/emacs/.config/emacs/mason/packages/lua-language-server/libexec/meta/default%20utf8/UnityEngine.SubsystemsImplementation.lua , size = 5.452 KB
[22:03:40.707][info] [#0:script/workspace/loading.lua:100]: Preload file at: file:///home/oscar/.dotfiles/emacs/.config/emacs/mason/packages/lua-language-server/libexec/meta/default%20utf8/UnityEngine.TestTools.lua , size = 4.341 KB
[22:03:40.711][info] [#0:script/workspace/loading.lua:100]: Preload file at: file:///home/oscar/.dotfiles/emacs/.config/emacs/mason/packages/lua-language-server/libexec/meta/default%20utf8/UnityEngine.TextCore.LowLevel.lua , size = 29.067 KB
[22:03:40.727][info] [#0:script/workspace/loading.lua:100]: Preload file at: file:///home/oscar/.dotfiles/emacs/.config/emacs/mason/packages/lua-language-server/libexec/meta/default%20utf8/UnityEngine.TextCore.lua , size = 8.132 KB
[22:03:40.734][info] [#0:script/workspace/loading.lua:100]: Preload file at: file:///home/oscar/.dotfiles/emacs/.config/emacs/mason/packages/lua-language-server/libexec/meta/default%20utf8/UnityEngine.Tilemaps.lua , size = 36.893 KB
[22:03:40.759][info] [#0:script/workspace/loading.lua:100]: Preload file at: file:///home/oscar/.dotfiles/emacs/.config/emacs/mason/packages/lua-language-server/libexec/meta/default%20utf8/UnityEngine.Timeline.lua , size = 48.965 KB
[22:03:40.800][info] [#0:script/workspace/loading.lua:100]: Preload file at: file:///home/oscar/.dotfiles/emacs/.config/emacs/mason/packages/lua-language-server/libexec/meta/default%20utf8/UnityEngine.U2D.lua , size = 19.168 KB
[22:03:40.813][info] [#0:script/workspace/loading.lua:100]: Preload file at: file:///home/oscar/.dotfiles/emacs/.config/emacs/mason/packages/lua-language-server/libexec/meta/default%20utf8/UnityEngine.UI.lua , size = 90.659 KB
[22:03:40.893][info] [#0:script/workspace/loading.lua:100]: Preload file at: file:///home/oscar/.dotfiles/emacs/.config/emacs/mason/packages/lua-language-server/libexec/meta/default%20utf8/UnityEngine.UIElements.Experimental.lua , size = 19.990 KB
[22:03:40.911][info] [#0:script/workspace/loading.lua:100]: Preload file at: file:///home/oscar/.dotfiles/emacs/.config/emacs/mason/packages/lua-language-server/libexec/meta/default%20utf8/UnityEngine.UIElements.lua , size = 298.350 KB
[22:03:41.082][warn] [#0:script/files.lua:560]: Parse LuaDoc of [file:///home/oscar/.dotfiles/emacs/.config/emacs/mason/packages/lua-language-server/libexec/meta/default%20utf8/UnityEngine.UIElements.lua] takes [0.112] sec, size [305.510] kb.
[22:03:41.113][info] [#0:script/workspace/loading.lua:100]: Preload file at: file:///home/oscar/.dotfiles/emacs/.config/emacs/mason/packages/lua-language-server/libexec/meta/default%20utf8/UnityEngine.VFX.lua , size = 85.528 KB
[22:03:41.165][info] [#0:script/workspace/loading.lua:100]: Preload file at: file:///home/oscar/.dotfiles/emacs/.config/emacs/mason/packages/lua-language-server/libexec/meta/default%20utf8/UnityEngine.Video.lua , size = 28.498 KB
[22:03:41.185][info] [#0:script/workspace/loading.lua:100]: Preload file at: file:///home/oscar/.dotfiles/emacs/.config/emacs/mason/packages/lua-language-server/libexec/meta/default%20utf8/UnityEngine.WSA.lua , size = 33.145 KB
[22:03:41.207][info] [#0:script/workspace/loading.lua:100]: Preload file at: file:///home/oscar/.dotfiles/emacs/.config/emacs/mason/packages/lua-language-server/libexec/meta/default%20utf8/UnityEngine.Windows.Speech.lua , size = 24.016 KB
[22:03:41.222][info] [#0:script/workspace/loading.lua:100]: Preload file at: file:///home/oscar/.dotfiles/emacs/.config/emacs/mason/packages/lua-language-server/libexec/meta/default%20utf8/UnityEngine.Windows.WebCam.lua , size = 26.911 KB
[22:03:41.241][info] [#0:script/workspace/loading.lua:100]: Preload file at: file:///home/oscar/.dotfiles/emacs/.config/emacs/mason/packages/lua-language-server/libexec/meta/default%20utf8/UnityEngine.Windows.lua , size = 4.466 KB
[22:03:41.246][info] [#0:script/workspace/loading.lua:100]: Preload file at: file:///home/oscar/.dotfiles/emacs/.config/emacs/mason/packages/lua-language-server/libexec/meta/default%20utf8/UnityEngine.XR.Provider.lua , size = 0.463 KB
[22:03:41.247][info] [#0:script/workspace/loading.lua:100]: Preload file at: file:///home/oscar/.dotfiles/emacs/.config/emacs/mason/packages/lua-language-server/libexec/meta/default%20utf8/UnityEngine.XR.WSA.lua , size = 0.511 KB
[22:03:41.249][warn] [#0:script/proto/proto.lua:189]: Method [textDocument/inlayHint] takes [1.529]sec. {
  id = 41,
  jsonrpc = "2.0",
  method = "textDocument/inlayHint",
  params = {
    range = {
      end = {
        character = 0,
        line = 38
      },
      start = {
        character = 0,
        line = 10
      }
    },
    textDocument = {
      uri = "file:///home/oscar/.dotfiles/elephant/.config/elephant/menus/wallpapers.lua"
    }
  }
}
[22:03:41.266][info] [#0:script/workspace/loading.lua:100]: Preload file at: file:///home/oscar/.dotfiles/emacs/.config/emacs/mason/packages/lua-language-server/libexec/meta/default%20utf8/UnityEngine.iOS.lua , size = 38.598 KB
[22:03:41.293][info] [#0:script/workspace/loading.lua:100]: Preload file at: file:///home/oscar/.dotfiles/emacs/.config/emacs/mason/packages/lua-language-server/libexec/meta/default%20utf8/UnityEngine.XR.lua , size = 91.891 KB
[22:03:41.359][info] [#0:script/workspace/loading.lua:100]: Preload file at: file:///home/oscar/.dotfiles/emacs/.config/emacs/mason/packages/lua-language-server/libexec/meta/default%20utf8/UnityEngine.lua , size = 2462.148 KB
[22:03:41.360][info] [#0:script/workspace/loading.lua:100]: Preload file at: file:///home/oscar/.dotfiles/emacs/.config/emacs/mason/packages/lua-language-server/libexec/meta/default%20utf8/UnityEngine.tvOS.lua , size = 3.779 KB
[22:03:41.362][info] [#0:script/workspace/loading.lua:100]: Preload file at: file:///home/oscar/.dotfiles/emacs/.config/emacs/mason/packages/lua-language-server/libexec/meta/default%20utf8/UnityEngineInternal.XR.WSA.lua , size = 0.493 KB
[22:03:41.364][info] [#0:script/workspace/loading.lua:100]: Preload file at: file:///home/oscar/.dotfiles/emacs/.config/emacs/mason/packages/lua-language-server/libexec/meta/default%20utf8/UnityEngineInternal.lua , size = 5.821 KB
[22:03:41.368][info] [#0:script/workspace/loading.lua:100]: Preload file at: file:///home/oscar/.dotfiles/emacs/.config/emacs/mason/packages/lua-language-server/libexec/meta/template/basic.lua , size = 9.719 KB
[22:03:41.383][info] [#0:script/workspace/loading.lua:100]: Preload file at: file:///home/oscar/.dotfiles/emacs/.config/emacs/mason/packages/lua-language-server/libexec/meta/template/bit.lua , size = 1.276 KB
[22:03:41.386][info] [#0:script/workspace/loading.lua:100]: Preload file at: file:///home/oscar/.dotfiles/emacs/.config/emacs/mason/packages/lua-language-server/libexec/meta/template/bit32.lua , size = 1.594 KB
[22:03:41.389][info] [#0:script/workspace/loading.lua:100]: Preload file at: file:///home/oscar/.dotfiles/emacs/.config/emacs/mason/packages/lua-language-server/libexec/meta/template/builtin.lua , size = 0.302 KB
[22:03:41.390][info] [#0:script/workspace/loading.lua:100]: Preload file at: file:///home/oscar/.dotfiles/emacs/.config/emacs/mason/packages/lua-language-server/libexec/meta/template/coroutine.lua , size = 1.448 KB
[22:03:41.392][info] [#0:script/workspace/loading.lua:100]: Preload file at: file:///home/oscar/.dotfiles/emacs/.config/emacs/mason/packages/lua-language-server/libexec/meta/template/debug.lua , size = 5.444 KB
[22:03:41.399][info] [#0:script/workspace/loading.lua:100]: Preload file at: file:///home/oscar/.dotfiles/emacs/.config/emacs/mason/packages/lua-language-server/libexec/meta/template/ffi.lua , size = 2.562 KB
[22:03:41.403][info] [#0:script/workspace/loading.lua:100]: Preload file at: file:///home/oscar/.dotfiles/emacs/.config/emacs/mason/packages/lua-language-server/libexec/meta/template/io.lua , size = 3.643 KB
[22:03:41.408][info] [#0:script/workspace/loading.lua:100]: Preload file at: file:///home/oscar/.dotfiles/emacs/.config/emacs/mason/packages/lua-language-server/libexec/meta/template/jit.lua , size = 0.917 KB
[22:03:41.410][info] [#0:script/workspace/loading.lua:100]: Preload file at: file:///home/oscar/.dotfiles/emacs/.config/emacs/mason/packages/lua-language-server/libexec/meta/template/jit.profile.lua , size = 0.381 KB
[22:03:41.411][info] [#0:script/workspace/loading.lua:100]: Preload file at: file:///home/oscar/.dotfiles/emacs/.config/emacs/mason/packages/lua-language-server/libexec/meta/template/jit.util.lua , size = 2.018 KB
[22:03:41.414][info] [#0:script/workspace/loading.lua:100]: Preload file at: file:///home/oscar/.dotfiles/emacs/.config/emacs/mason/packages/lua-language-server/libexec/meta/template/math.lua , size = 4.357 KB
[22:03:41.420][info] [#0:script/workspace/loading.lua:100]: Preload file at: file:///home/oscar/.dotfiles/emacs/.config/emacs/mason/packages/lua-language-server/libexec/meta/template/os.lua , size = 2.768 KB
[22:03:41.423][info] [#0:script/workspace/loading.lua:100]: Preload file at: file:///home/oscar/.dotfiles/emacs/.config/emacs/mason/packages/lua-language-server/libexec/meta/template/package.lua , size = 1.223 KB
[22:03:41.425][info] [#0:script/workspace/loading.lua:100]: Preload file at: file:///home/oscar/.dotfiles/emacs/.config/emacs/mason/packages/lua-language-server/libexec/meta/template/string.buffer.lua , size = 18.090 KB
[22:03:41.433][info] [#0:script/workspace/loading.lua:100]: Preload file at: file:///home/oscar/.dotfiles/emacs/.config/emacs/mason/packages/lua-language-server/libexec/meta/template/string.lua , size = 3.354 KB
[22:03:41.438][info] [#0:script/workspace/loading.lua:100]: Preload file at: file:///home/oscar/.dotfiles/emacs/.config/emacs/mason/packages/lua-language-server/libexec/meta/template/table.clear.lua , size = 0.154 KB
[22:03:41.438][info] [#0:script/workspace/loading.lua:100]: Preload file at: file:///home/oscar/.dotfiles/emacs/.config/emacs/mason/packages/lua-language-server/libexec/meta/template/table.lua , size = 2.218 KB
[22:03:41.442][info] [#0:script/workspace/loading.lua:100]: Preload file at: file:///home/oscar/.dotfiles/emacs/.config/emacs/mason/packages/lua-language-server/libexec/meta/template/table.new.lua , size = 0.201 KB
[22:03:41.443][info] [#0:script/workspace/loading.lua:100]: Preload file at: file:///home/oscar/.dotfiles/emacs/.config/emacs/mason/packages/lua-language-server/libexec/meta/template/utf8.lua , size = 1.817 KB
[22:03:41.446][info] [#0:script/workspace/loading.lua:100]: Preload file at: file:///home/oscar/.dotfiles/emacs/.config/emacs/mason/packages/lua-language-server/libexec/meta/whimsical/basic.lua , size = 1.511 KB
[22:03:41.447][info] [#0:script/workspace/loading.lua:100]: Preload file at: file:///home/oscar/.dotfiles/emacs/.config/emacs/mason/packages/lua-language-server/libexec/meta/whimsical/builtin.lua , size = 0.413 KB
[22:03:41.449][info] [#0:script/workspace/loading.lua:100]: Preload file at: file:///home/oscar/.dotfiles/emacs/.config/emacs/mason/packages/lua-language-server/libexec/meta/whimsical/rule.lua , size = 3.101 KB
[22:03:41.452][info] [#0:script/workspace/loading.lua:100]: Preload file at: file:///home/oscar/.dotfiles/emacs/.config/emacs/mason/packages/lua-language-server/libexec/meta/Lua%205.4%20en-us%20utf8/bit.lua , size = 1.243 KB
[22:03:41.454][info] [#0:script/workspace/loading.lua:100]: Preload file at: file:///home/oscar/.dotfiles/emacs/.config/emacs/mason/packages/lua-language-server/libexec/meta/Lua%205.4%20en-us%20utf8/bit32.lua , size = 3.927 KB
[22:03:41.458][info] [#0:script/workspace/loading.lua:100]: Preload file at: file:///home/oscar/.dotfiles/emacs/.config/emacs/mason/packages/lua-language-server/libexec/meta/Lua%205.4%20en-us%20utf8/ffi.lua , size = 2.529 KB
[22:03:41.462][info] [#0:script/workspace/loading.lua:100]: Preload file at: file:///home/oscar/.dotfiles/emacs/.config/emacs/mason/packages/lua-language-server/libexec/meta/Lua%205.4%20en-us%20utf8/jit/profile.lua , size = 0.348 KB
[22:03:41.463][info] [#0:script/workspace/loading.lua:100]: Preload file at: file:///home/oscar/.dotfiles/emacs/.config/emacs/mason/packages/lua-language-server/libexec/meta/Lua%205.4%20en-us%20utf8/jit/util.lua , size = 1.984 KB
[22:03:41.466][info] [#0:script/workspace/loading.lua:100]: Preload file at: file:///home/oscar/.dotfiles/emacs/.config/emacs/mason/packages/lua-language-server/libexec/meta/Lua%205.4%20en-us%20utf8/jit.lua , size = 0.884 KB
[22:03:41.467][info] [#0:script/workspace/loading.lua:100]: Preload file at: file:///home/oscar/.dotfiles/emacs/.config/emacs/mason/packages/lua-language-server/libexec/meta/Lua%205.4%20en-us%20utf8/string/buffer.lua , size = 18.057 KB
[22:03:41.474][info] [#0:script/workspace/loading.lua:100]: Preload file at: file:///home/oscar/.dotfiles/emacs/.config/emacs/mason/packages/lua-language-server/libexec/meta/Lua%205.4%20en-us%20utf8/table/clear.lua , size = 0.797 KB
[22:03:41.475][info] [#0:script/workspace/loading.lua:100]: Preload file at: file:///home/oscar/.dotfiles/emacs/.config/emacs/mason/packages/lua-language-server/libexec/meta/Lua%205.4%20en-us%20utf8/table/new.lua , size = 0.642 KB
[22:03:41.475][info] [#0:script/workspace/loading.lua:100]: Preload file at: file:///home/oscar/.dotfiles/emacs/.config/emacs/mason/packages/lua-language-server/libexec/script/SDBMHash.lua , size = 1.206 KB
[22:03:41.477][info] [#0:script/workspace/loading.lua:100]: Preload file at: file:///home/oscar/.dotfiles/emacs/.config/emacs/mason/packages/lua-language-server/libexec/script/await.lua , size = 5.906 KB
[22:03:41.484][info] [#0:script/workspace/loading.lua:100]: Preload file at: file:///home/oscar/.dotfiles/emacs/.config/emacs/mason/packages/lua-language-server/libexec/script/brave/brave.lua , size = 1.992 KB
[22:03:41.487][info] [#0:script/workspace/loading.lua:100]: Preload file at: file:///home/oscar/.dotfiles/emacs/.config/emacs/mason/packages/lua-language-server/libexec/script/brave/init.lua , size = 0.069 KB
[22:03:41.487][info] [#0:script/workspace/loading.lua:100]: Preload file at: file:///home/oscar/.dotfiles/emacs/.config/emacs/mason/packages/lua-language-server/libexec/script/brave/log.lua , size = 1.054 KB
[22:03:41.489][info] [#0:script/workspace/loading.lua:100]: Preload file at: file:///home/oscar/.dotfiles/emacs/.config/emacs/mason/packages/lua-language-server/libexec/script/brave/work.lua , size = 3.084 KB
[22:03:41.493][info] [#0:script/workspace/loading.lua:100]: Preload file at: file:///home/oscar/.dotfiles/emacs/.config/emacs/mason/packages/lua-language-server/libexec/script/cli/check.lua , size = 3.632 KB
[22:03:41.496][info] [#0:script/workspace/loading.lua:100]: Preload file at: file:///home/oscar/.dotfiles/emacs/.config/emacs/mason/packages/lua-language-server/libexec/script/cli/check_worker.lua , size = 8.665 KB
[22:03:41.505][info] [#0:script/workspace/loading.lua:100]: Preload file at: file:///home/oscar/.dotfiles/emacs/.config/emacs/mason/packages/lua-language-server/libexec/script/cli/doc/export.lua , size = 12.712 KB
[22:03:41.517][info] [#0:script/workspace/loading.lua:100]: Preload file at: file:///home/oscar/.dotfiles/emacs/.config/emacs/mason/packages/lua-language-server/libexec/script/cli/doc/init.lua , size = 8.425 KB
[22:03:41.524][info] [#0:script/workspace/loading.lua:100]: Preload file at: file:///home/oscar/.dotfiles/emacs/.config/emacs/mason/packages/lua-language-server/libexec/script/cli/help.lua , size = 5.227 KB
[22:03:41.527][info] [#0:script/workspace/loading.lua:100]: Preload file at: file:///home/oscar/.dotfiles/emacs/.config/emacs/mason/packages/lua-language-server/libexec/script/cli/init.lua , size = 0.592 KB
[22:03:41.528][info] [#0:script/workspace/loading.lua:100]: Preload file at: file:///home/oscar/.dotfiles/emacs/.config/emacs/mason/packages/lua-language-server/libexec/script/cli/version.lua , size = 0.061 KB
[22:03:41.529][info] [#0:script/workspace/loading.lua:100]: Preload file at: file:///home/oscar/.dotfiles/emacs/.config/emacs/mason/packages/lua-language-server/libexec/script/cli/visualize.lua , size = 2.554 KB
[22:03:41.532][info] [#0:script/workspace/loading.lua:100]: Preload file at: file:///home/oscar/.dotfiles/emacs/.config/emacs/mason/packages/lua-language-server/libexec/script/client.lua , size = 18.511 KB
[22:03:41.550][info] [#0:script/workspace/loading.lua:100]: Preload file at: file:///home/oscar/.dotfiles/emacs/.config/emacs/mason/packages/lua-language-server/libexec/script/config/config.lua , size = 6.703 KB
[22:03:41.558][info] [#0:script/workspace/loading.lua:100]: Preload file at: file:///home/oscar/.dotfiles/emacs/.config/emacs/mason/packages/lua-language-server/libexec/script/config/env.lua , size = 1.405 KB
[22:03:41.560][info] [#0:script/workspace/loading.lua:100]: Preload file at: file:///home/oscar/.dotfiles/emacs/.config/emacs/mason/packages/lua-language-server/libexec/script/config/init.lua , size = 0.053 KB
[22:03:41.560][info] [#0:script/workspace/loading.lua:100]: Preload file at: file:///home/oscar/.dotfiles/emacs/.config/emacs/mason/packages/lua-language-server/libexec/script/config/loader.lua , size = 3.535 KB
[22:03:41.563][info] [#0:script/workspace/loading.lua:100]: Preload file at: file:///home/oscar/.dotfiles/emacs/.config/emacs/mason/packages/lua-language-server/libexec/script/config/template.lua , size = 20.282 KB
[22:03:41.574][info] [#0:script/workspace/loading.lua:100]: Preload file at: file:///home/oscar/.dotfiles/emacs/.config/emacs/mason/packages/lua-language-server/libexec/script/core/code-action.lua , size = 22.454 KB
[22:03:41.589][info] [#0:script/workspace/loading.lua:100]: Preload file at: file:///home/oscar/.dotfiles/emacs/.config/emacs/mason/packages/lua-language-server/libexec/script/core/code-lens.lua , size = 3.799 KB
[22:03:41.594][info] [#0:script/workspace/loading.lua:100]: Preload file at: file:///home/oscar/.dotfiles/emacs/.config/emacs/mason/packages/lua-language-server/libexec/script/core/color.lua , size = 2.358 KB
[22:03:41.597][info] [#0:script/workspace/loading.lua:100]: Preload file at: file:///home/oscar/.dotfiles/emacs/.config/emacs/mason/packages/lua-language-server/libexec/script/core/command/autoRequire.lua , size = 4.282 KB
[22:03:41.601][info] [#0:script/workspace/loading.lua:100]: Preload file at: file:///home/oscar/.dotfiles/emacs/.config/emacs/mason/packages/lua-language-server/libexec/script/core/command/exportDocument.lua , size = 0.528 KB
[22:03:41.602][info] [#0:script/workspace/loading.lua:100]: Preload file at: file:///home/oscar/.dotfiles/emacs/.config/emacs/mason/packages/lua-language-server/libexec/script/core/command/getConfig.lua , size = 0.281 KB
[22:03:41.603][info] [#0:script/workspace/loading.lua:100]: Preload file at: file:///home/oscar/.dotfiles/emacs/.config/emacs/mason/packages/lua-language-server/libexec/script/core/command/jsonToLua.lua , size = 1.732 KB
[22:03:41.605][info] [#0:script/workspace/loading.lua:100]: Preload file at: file:///home/oscar/.dotfiles/emacs/.config/emacs/mason/packages/lua-language-server/libexec/script/core/command/reloadFFIMeta.lua , size = 1.424 KB
[22:03:41.607][info] [#0:script/workspace/loading.lua:100]: Preload file at: file:///home/oscar/.dotfiles/emacs/.config/emacs/mason/packages/lua-language-server/libexec/script/core/command/removeSpace.lua , size = 1.711 KB
[22:03:41.609][info] [#0:script/workspace/loading.lua:100]: Preload file at: file:///home/oscar/.dotfiles/emacs/.config/emacs/mason/packages/lua-language-server/libexec/script/core/command/setConfig.lua , size = 0.229 KB
[22:03:41.609][info] [#0:script/workspace/loading.lua:100]: Preload file at: file:///home/oscar/.dotfiles/emacs/.config/emacs/mason/packages/lua-language-server/libexec/script/core/command/solve.lua , size = 2.582 KB
[22:03:41.612][info] [#0:script/workspace/loading.lua:100]: Preload file at: file:///home/oscar/.dotfiles/emacs/.config/emacs/mason/packages/lua-language-server/libexec/script/core/completion/auto-require.lua , size = 5.439 KB
[22:03:41.616][info] [#0:script/workspace/loading.lua:100]: Preload file at: file:///home/oscar/.dotfiles/emacs/.config/emacs/mason/packages/lua-language-server/libexec/script/core/completion/completion.lua , size = 77.105 KB
[22:03:41.676][info] [#0:script/workspace/loading.lua:100]: Preload file at: file:///home/oscar/.dotfiles/emacs/.config/emacs/mason/packages/lua-language-server/libexec/script/core/completion/init.lua , size = 0.043 KB
[22:03:41.687][info] [#0:script/workspace/loading.lua:100]: Preload file at: file:///home/oscar/.dotfiles/emacs/.config/emacs/mason/packages/lua-language-server/libexec/script/core/completion/keyword.lua , size = 12.557 KB
[22:03:41.695][info] [#0:script/workspace/loading.lua:100]: Preload file at: file:///home/oscar/.dotfiles/emacs/.config/emacs/mason/packages/lua-language-server/libexec/script/core/completion/postfix.lua , size = 12.881 KB
[22:03:41.705][info] [#0:script/workspace/loading.lua:100]: Preload file at: file:///home/oscar/.dotfiles/emacs/.config/emacs/mason/packages/lua-language-server/libexec/script/core/definition.lua , size = 6.111 KB
[22:03:41.711][info] [#0:script/workspace/loading.lua:100]: Preload file at: file:///home/oscar/.dotfiles/emacs/.config/emacs/mason/packages/lua-language-server/libexec/script/core/diagnostics/ambiguity-1.lua , size = 2.264 KB
[22:03:41.713][info] [#0:script/workspace/loading.lua:100]: Preload file at: file:///home/oscar/.dotfiles/emacs/.config/emacs/mason/packages/lua-language-server/libexec/script/core/diagnostics/assign-type-mismatch.lua , size = 3.090 KB
[22:03:41.716][info] [#0:script/workspace/loading.lua:100]: Preload file at: file:///home/oscar/.dotfiles/emacs/.config/emacs/mason/packages/lua-language-server/libexec/script/core/diagnostics/await-in-sync.lua , size = 0.789 KB
[22:03:41.717][info] [#0:script/workspace/loading.lua:100]: Preload file at: file:///home/oscar/.dotfiles/emacs/.config/emacs/mason/packages/lua-language-server/libexec/script/core/diagnostics/cast-local-type.lua , size = 1.679 KB
[22:03:41.719][info] [#0:script/workspace/loading.lua:100]: Preload file at: file:///home/oscar/.dotfiles/emacs/.config/emacs/mason/packages/lua-language-server/libexec/script/core/diagnostics/cast-type-mismatch.lua , size = 1.638 KB
[22:03:41.720][info] [#0:script/workspace/loading.lua:100]: Preload file at: file:///home/oscar/.dotfiles/emacs/.config/emacs/mason/packages/lua-language-server/libexec/script/core/diagnostics/circle-doc-class.lua , size = 1.886 KB
[22:03:41.722][info] [#0:script/workspace/loading.lua:100]: Preload file at: file:///home/oscar/.dotfiles/emacs/.config/emacs/mason/packages/lua-language-server/libexec/script/core/diagnostics/close-non-object.lua , size = 1.137 KB
[22:03:41.724][info] [#0:script/workspace/loading.lua:100]: Preload file at: file:///home/oscar/.dotfiles/emacs/.config/emacs/mason/packages/lua-language-server/libexec/script/core/diagnostics/code-after-break.lua , size = 1.039 KB
[22:03:41.725][info] [#0:script/workspace/loading.lua:100]: Preload file at: file:///home/oscar/.dotfiles/emacs/.config/emacs/mason/packages/lua-language-server/libexec/script/core/diagnostics/codestyle-check.lua , size = 1.024 KB
[22:03:41.726][info] [#0:script/workspace/loading.lua:100]: Preload file at: file:///home/oscar/.dotfiles/emacs/.config/emacs/mason/packages/lua-language-server/libexec/script/core/diagnostics/count-down-loop.lua , size = 1.781 KB
[22:03:41.728][info] [#0:script/workspace/loading.lua:100]: Preload file at: file:///home/oscar/.dotfiles/emacs/.config/emacs/mason/packages/lua-language-server/libexec/script/core/diagnostics/deprecated.lua , size = 2.369 KB
[22:03:41.730][info] [#0:script/workspace/loading.lua:100]: Preload file at: file:///home/oscar/.dotfiles/emacs/.config/emacs/mason/packages/lua-language-server/libexec/script/core/diagnostics/different-requires.lua , size = 1.607 KB
[22:03:41.732][info] [#0:script/workspace/loading.lua:100]: Preload file at: file:///home/oscar/.dotfiles/emacs/.config/emacs/mason/packages/lua-language-server/libexec/script/core/diagnostics/discard-returns.lua , size = 0.780 KB
[22:03:41.733][info] [#0:script/workspace/loading.lua:100]: Preload file at: file:///home/oscar/.dotfiles/emacs/.config/emacs/mason/packages/lua-language-server/libexec/script/core/diagnostics/doc-field-no-class.lua , size = 0.947 KB
[22:03:41.734][info] [#0:script/workspace/loading.lua:100]: Preload file at: file:///home/oscar/.dotfiles/emacs/.config/emacs/mason/packages/lua-language-server/libexec/script/core/diagnostics/duplicate-doc-alias.lua , size = 1.728 KB
[22:03:41.735][info] [#0:script/workspace/loading.lua:100]: Preload file at: file:///home/oscar/.dotfiles/emacs/.config/emacs/mason/packages/lua-language-server/libexec/script/core/diagnostics/duplicate-doc-field.lua , size = 2.412 KB
[22:03:41.738][info] [#0:script/workspace/loading.lua:100]: Preload file at: file:///home/oscar/.dotfiles/emacs/.config/emacs/mason/packages/lua-language-server/libexec/script/core/diagnostics/duplicate-doc-param.lua , size = 0.947 KB
[22:03:41.739][info] [#0:script/workspace/loading.lua:100]: Preload file at: file:///home/oscar/.dotfiles/emacs/.config/emacs/mason/packages/lua-language-server/libexec/script/core/diagnostics/duplicate-index.lua , size = 2.159 KB
[22:03:41.741][info] [#0:script/workspace/loading.lua:100]: Preload file at: file:///home/oscar/.dotfiles/emacs/.config/emacs/mason/packages/lua-language-server/libexec/script/core/diagnostics/duplicate-set-field.lua , size = 2.490 KB
[22:03:41.743][info] [#0:script/workspace/loading.lua:100]: Preload file at: file:///home/oscar/.dotfiles/emacs/.config/emacs/mason/packages/lua-language-server/libexec/script/core/diagnostics/empty-block.lua , size = 1.475 KB
[22:03:41.745][info] [#0:script/workspace/loading.lua:100]: Preload file at: file:///home/oscar/.dotfiles/emacs/.config/emacs/mason/packages/lua-language-server/libexec/script/core/diagnostics/global-element.lua , size = 2.211 KB
[22:03:41.747][info] [#0:script/workspace/loading.lua:100]: Preload file at: file:///home/oscar/.dotfiles/emacs/.config/emacs/mason/packages/lua-language-server/libexec/script/core/diagnostics/global-in-nil-env.lua , size = 1.082 KB
[22:03:41.748][info] [#0:script/workspace/loading.lua:100]: Preload file at: file:///home/oscar/.dotfiles/emacs/.config/emacs/mason/packages/lua-language-server/libexec/script/core/diagnostics/helper/missing-doc-helper.lua , size = 2.113 KB
[22:03:41.750][info] [#0:script/workspace/loading.lua:100]: Preload file at: file:///home/oscar/.dotfiles/emacs/.config/emacs/mason/packages/lua-language-server/libexec/script/core/diagnostics/incomplete-signature-doc.lua , size = 2.874 KB
[22:03:41.752][info] [#0:script/workspace/loading.lua:100]: Preload file at: file:///home/oscar/.dotfiles/emacs/.config/emacs/mason/packages/lua-language-server/libexec/script/core/diagnostics/init.lua , size = 5.447 KB
[22:03:41.758][info] [#0:script/workspace/loading.lua:100]: Preload file at: file:///home/oscar/.dotfiles/emacs/.config/emacs/mason/packages/lua-language-server/libexec/script/core/diagnostics/inject-field.lua , size = 4.170 KB
[22:03:41.762][info] [#0:script/workspace/loading.lua:100]: Preload file at: file:///home/oscar/.dotfiles/emacs/.config/emacs/mason/packages/lua-language-server/libexec/script/core/diagnostics/invisible.lua , size = 2.340 KB
[22:03:41.764][info] [#0:script/workspace/loading.lua:100]: Preload file at: file:///home/oscar/.dotfiles/emacs/.config/emacs/mason/packages/lua-language-server/libexec/script/core/diagnostics/lowercase-global.lua , size = 2.343 KB
[22:03:41.766][info] [#0:script/workspace/loading.lua:100]: Preload file at: file:///home/oscar/.dotfiles/emacs/.config/emacs/mason/packages/lua-language-server/libexec/script/core/diagnostics/missing-fields.lua , size = 4.226 KB
[22:03:41.769][info] [#0:script/workspace/loading.lua:100]: Preload file at: file:///home/oscar/.dotfiles/emacs/.config/emacs/mason/packages/lua-language-server/libexec/script/core/diagnostics/missing-global-doc.lua , size = 0.680 KB
[22:03:41.770][info] [#0:script/workspace/loading.lua:100]: Preload file at: file:///home/oscar/.dotfiles/emacs/.config/emacs/mason/packages/lua-language-server/libexec/script/core/diagnostics/missing-local-export-doc.lua , size = 1.418 KB
[22:03:41.771][info] [#0:script/workspace/loading.lua:100]: Preload file at: file:///home/oscar/.dotfiles/emacs/.config/emacs/mason/packages/lua-language-server/libexec/script/core/diagnostics/missing-parameter.lua , size = 0.788 KB
[22:03:41.773][info] [#0:script/workspace/loading.lua:100]: Preload file at: file:///home/oscar/.dotfiles/emacs/.config/emacs/mason/packages/lua-language-server/libexec/script/core/diagnostics/missing-return-value.lua , size = 1.529 KB
[22:03:41.774][info] [#0:script/workspace/loading.lua:100]: Preload file at: file:///home/oscar/.dotfiles/emacs/.config/emacs/mason/packages/lua-language-server/libexec/script/core/diagnostics/missing-return.lua , size = 1.897 KB
[22:03:41.776][info] [#0:script/workspace/loading.lua:100]: Preload file at: file:///home/oscar/.dotfiles/emacs/.config/emacs/mason/packages/lua-language-server/libexec/script/core/diagnostics/name-style-check.lua , size = 0.929 KB
[22:03:41.777][info] [#0:script/workspace/loading.lua:100]: Preload file at: file:///home/oscar/.dotfiles/emacs/.config/emacs/mason/packages/lua-language-server/libexec/script/core/diagnostics/need-check-nil.lua , size = 1.363 KB
[22:03:41.779][info] [#0:script/workspace/loading.lua:100]: Preload file at: file:///home/oscar/.dotfiles/emacs/.config/emacs/mason/packages/lua-language-server/libexec/script/core/diagnostics/newfield-call.lua , size = 1.481 KB
[22:03:41.780][info] [#0:script/workspace/loading.lua:100]: Preload file at: file:///home/oscar/.dotfiles/emacs/.config/emacs/mason/packages/lua-language-server/libexec/script/core/diagnostics/newline-call.lua , size = 1.483 KB
[22:03:41.782][info] [#0:script/workspace/loading.lua:100]: Preload file at: file:///home/oscar/.dotfiles/emacs/.config/emacs/mason/packages/lua-language-server/libexec/script/core/diagnostics/no-unknown.lua , size = 0.774 KB
[22:03:41.783][info] [#0:script/workspace/loading.lua:100]: Preload file at: file:///home/oscar/.dotfiles/emacs/.config/emacs/mason/packages/lua-language-server/libexec/script/core/diagnostics/not-yieldable.lua , size = 1.795 KB
[22:03:41.785][info] [#0:script/workspace/loading.lua:100]: Preload file at: file:///home/oscar/.dotfiles/emacs/.config/emacs/mason/packages/lua-language-server/libexec/script/core/diagnostics/param-type-mismatch.lua , size = 3.476 KB
[22:03:41.788][info] [#0:script/workspace/loading.lua:100]: Preload file at: file:///home/oscar/.dotfiles/emacs/.config/emacs/mason/packages/lua-language-server/libexec/script/core/diagnostics/redefined-local.lua , size = 0.971 KB
[22:03:41.789][info] [#0:script/workspace/loading.lua:100]: Preload file at: file:///home/oscar/.dotfiles/emacs/.config/emacs/mason/packages/lua-language-server/libexec/script/core/diagnostics/redundant-parameter.lua , size = 2.292 KB
[22:03:41.791][info] [#0:script/workspace/loading.lua:100]: Preload file at: file:///home/oscar/.dotfiles/emacs/.config/emacs/mason/packages/lua-language-server/libexec/script/core/diagnostics/redundant-return-value.lua , size = 1.874 KB
[22:03:41.793][info] [#0:script/workspace/loading.lua:100]: Preload file at: file:///home/oscar/.dotfiles/emacs/.config/emacs/mason/packages/lua-language-server/libexec/script/core/diagnostics/redundant-return.lua , size = 0.764 KB
[22:03:41.794][info] [#0:script/workspace/loading.lua:100]: Preload file at: file:///home/oscar/.dotfiles/emacs/.config/emacs/mason/packages/lua-language-server/libexec/script/core/diagnostics/redundant-value.lua , size = 0.749 KB
[22:03:41.795][info] [#0:script/workspace/loading.lua:100]: Preload file at: file:///home/oscar/.dotfiles/emacs/.config/emacs/mason/packages/lua-language-server/libexec/script/core/diagnostics/return-type-mismatch.lua , size = 2.843 KB
[22:03:41.799][info] [#0:script/workspace/loading.lua:100]: Preload file at: file:///home/oscar/.dotfiles/emacs/.config/emacs/mason/packages/lua-language-server/libexec/script/core/diagnostics/spell-check.lua , size = 0.915 KB
[22:03:41.800][info] [#0:script/workspace/loading.lua:100]: Preload file at: file:///home/oscar/.dotfiles/emacs/.config/emacs/mason/packages/lua-language-server/libexec/script/core/diagnostics/trailing-space.lua , size = 1.693 KB
[22:03:41.802][info] [#0:script/workspace/loading.lua:100]: Preload file at: file:///home/oscar/.dotfiles/emacs/.config/emacs/mason/packages/lua-language-server/libexec/script/core/diagnostics/unbalanced-assignments.lua , size = 1.097 KB
[22:03:41.803][info] [#0:script/workspace/loading.lua:100]: Preload file at: file:///home/oscar/.dotfiles/emacs/.config/emacs/mason/packages/lua-language-server/libexec/script/core/diagnostics/undefined-doc-class.lua , size = 1.454 KB
[22:03:41.804][info] [#0:script/workspace/loading.lua:100]: Preload file at: file:///home/oscar/.dotfiles/emacs/.config/emacs/mason/packages/lua-language-server/libexec/script/core/diagnostics/undefined-doc-name.lua , size = 0.930 KB
[22:03:41.806][info] [#0:script/workspace/loading.lua:100]: Preload file at: file:///home/oscar/.dotfiles/emacs/.config/emacs/mason/packages/lua-language-server/libexec/script/core/diagnostics/undefined-doc-param.lua , size = 0.568 KB
[22:03:41.807][info] [#0:script/workspace/loading.lua:100]: Preload file at: file:///home/oscar/.dotfiles/emacs/.config/emacs/mason/packages/lua-language-server/libexec/script/core/diagnostics/undefined-env-child.lua , size = 1.109 KB
[22:03:41.808][info] [#0:script/workspace/loading.lua:100]: Preload file at: file:///home/oscar/.dotfiles/emacs/.config/emacs/mason/packages/lua-language-server/libexec/script/core/diagnostics/undefined-field.lua , size = 2.518 KB
[22:03:41.810][info] [#0:script/workspace/loading.lua:100]: Preload file at: file:///home/oscar/.dotfiles/emacs/.config/emacs/mason/packages/lua-language-server/libexec/script/core/diagnostics/undefined-global.lua , size = 1.020 KB
[22:03:41.811][info] [#0:script/workspace/loading.lua:100]: Preload file at: file:///home/oscar/.dotfiles/emacs/.config/emacs/mason/packages/lua-language-server/libexec/script/core/diagnostics/unknown-cast-variable.lua , size = 0.782 KB
[22:03:41.813][info] [#0:script/workspace/loading.lua:100]: Preload file at: file:///home/oscar/.dotfiles/emacs/.config/emacs/mason/packages/lua-language-server/libexec/script/core/diagnostics/unknown-diag-code.lua , size = 0.884 KB
[22:03:41.814][info] [#0:script/workspace/loading.lua:100]: Preload file at: file:///home/oscar/.dotfiles/emacs/.config/emacs/mason/packages/lua-language-server/libexec/script/core/diagnostics/unknown-operator.lua , size = 0.873 KB
[22:03:41.815][info] [#0:script/workspace/loading.lua:100]: Preload file at: file:///home/oscar/.dotfiles/emacs/.config/emacs/mason/packages/lua-language-server/libexec/script/core/diagnostics/unnecessary-assert.lua , size = 0.861 KB
[22:03:41.816][info] [#0:script/workspace/loading.lua:100]: Preload file at: file:///home/oscar/.dotfiles/emacs/.config/emacs/mason/packages/lua-language-server/libexec/script/core/diagnostics/unreachable-code.lua , size = 2.241 KB
[22:03:41.818][info] [#0:script/workspace/loading.lua:100]: Preload file at: file:///home/oscar/.dotfiles/emacs/.config/emacs/mason/packages/lua-language-server/libexec/script/core/diagnostics/unused-function.lua , size = 3.269 KB
[22:03:41.821][info] [#0:script/workspace/loading.lua:100]: Preload file at: file:///home/oscar/.dotfiles/emacs/.config/emacs/mason/packages/lua-language-server/libexec/script/core/diagnostics/unused-label.lua , size = 0.609 KB
[22:03:41.822][info] [#0:script/workspace/loading.lua:100]: Preload file at: file:///home/oscar/.dotfiles/emacs/.config/emacs/mason/packages/lua-language-server/libexec/script/core/diagnostics/unused-local.lua , size = 3.213 KB
[22:03:41.825][info] [#0:script/workspace/loading.lua:100]: Preload file at: file:///home/oscar/.dotfiles/emacs/.config/emacs/mason/packages/lua-language-server/libexec/script/core/diagnostics/unused-vararg.lua , size = 0.999 KB
[22:03:41.826][info] [#0:script/workspace/loading.lua:100]: Preload file at: file:///home/oscar/.dotfiles/emacs/.config/emacs/mason/packages/lua-language-server/libexec/script/core/document-symbol.lua , size = 13.650 KB
[22:03:41.838][info] [#0:script/workspace/loading.lua:100]: Preload file at: file:///home/oscar/.dotfiles/emacs/.config/emacs/mason/packages/lua-language-server/libexec/script/core/find-source.lua , size = 0.915 KB
[22:03:41.839][info] [#0:script/workspace/loading.lua:100]: Preload file at: file:///home/oscar/.dotfiles/emacs/.config/emacs/mason/packages/lua-language-server/libexec/script/core/fix-indent.lua , size = 4.936 KB
[22:03:41.844][info] [#0:script/workspace/loading.lua:100]: Preload file at: file:///home/oscar/.dotfiles/emacs/.config/emacs/mason/packages/lua-language-server/libexec/script/core/folding.lua , size = 5.489 KB
[22:03:41.848][info] [#0:script/workspace/loading.lua:100]: Preload file at: file:///home/oscar/.dotfiles/emacs/.config/emacs/mason/packages/lua-language-server/libexec/script/core/formatting.lua , size = 0.728 KB
[22:03:41.849][info] [#0:script/workspace/loading.lua:100]: Preload file at: file:///home/oscar/.dotfiles/emacs/.config/emacs/mason/packages/lua-language-server/libexec/script/core/highlight.lua , size = 11.434 KB
[22:03:41.858][info] [#0:script/workspace/loading.lua:100]: Preload file at: file:///home/oscar/.dotfiles/emacs/.config/emacs/mason/packages/lua-language-server/libexec/script/core/hint.lua , size = 9.255 KB
[22:03:41.866][info] [#0:script/workspace/loading.lua:100]: Preload file at: file:///home/oscar/.dotfiles/emacs/.config/emacs/mason/packages/lua-language-server/libexec/script/core/hover/args.lua , size = 2.680 KB
[22:03:41.869][info] [#0:script/workspace/loading.lua:100]: Preload file at: file:///home/oscar/.dotfiles/emacs/.config/emacs/mason/packages/lua-language-server/libexec/script/core/hover/description.lua , size = 15.837 KB
[22:03:41.883][info] [#0:script/workspace/loading.lua:100]: Preload file at: file:///home/oscar/.dotfiles/emacs/.config/emacs/mason/packages/lua-language-server/libexec/script/core/hover/init.lua , size = 4.571 KB
[22:03:41.887][info] [#0:script/workspace/loading.lua:100]: Preload file at: file:///home/oscar/.dotfiles/emacs/.config/emacs/mason/packages/lua-language-server/libexec/script/core/hover/label.lua , size = 6.617 KB
[22:03:41.893][info] [#0:script/workspace/loading.lua:100]: Preload file at: file:///home/oscar/.dotfiles/emacs/.config/emacs/mason/packages/lua-language-server/libexec/script/core/hover/name.lua , size = 2.603 KB
[22:03:41.896][info] [#0:script/workspace/loading.lua:100]: Preload file at: file:///home/oscar/.dotfiles/emacs/.config/emacs/mason/packages/lua-language-server/libexec/script/core/hover/return.lua , size = 2.159 KB
[22:03:41.898][info] [#0:script/workspace/loading.lua:100]: Preload file at: file:///home/oscar/.dotfiles/emacs/.config/emacs/mason/packages/lua-language-server/libexec/script/core/hover/table.lua , size = 6.212 KB
[22:03:41.905][info] [#0:script/workspace/loading.lua:100]: Preload file at: file:///home/oscar/.dotfiles/emacs/.config/emacs/mason/packages/lua-language-server/libexec/script/core/implementation.lua , size = 4.216 KB
[22:03:41.908][info] [#0:script/workspace/loading.lua:100]: Preload file at: file:///home/oscar/.dotfiles/emacs/.config/emacs/mason/packages/lua-language-server/libexec/script/core/jump-source.lua , size = 1.957 KB
[22:03:41.910][info] [#0:script/workspace/loading.lua:100]: Preload file at: file:///home/oscar/.dotfiles/emacs/.config/emacs/mason/packages/lua-language-server/libexec/script/core/look-backward.lua , size = 2.277 KB
[22:03:41.913][info] [#0:script/workspace/loading.lua:100]: Preload file at: file:///home/oscar/.dotfiles/emacs/.config/emacs/mason/packages/lua-language-server/libexec/script/core/matchkey.lua , size = 1.943 KB
[22:03:41.916][info] [#0:script/workspace/loading.lua:100]: Preload file at: file:///home/oscar/.dotfiles/emacs/.config/emacs/mason/packages/lua-language-server/libexec/script/core/modifyRequirePath.lua , size = 2.059 KB
[22:03:41.918][info] [#0:script/workspace/loading.lua:100]: Preload file at: file:///home/oscar/.dotfiles/emacs/.config/emacs/mason/packages/lua-language-server/libexec/script/core/rangeformatting.lua , size = 0.877 KB
[22:03:41.919][info] [#0:script/workspace/loading.lua:100]: Preload file at: file:///home/oscar/.dotfiles/emacs/.config/emacs/mason/packages/lua-language-server/libexec/script/core/reference.lua , size = 4.172 KB
[22:03:41.923][info] [#0:script/workspace/loading.lua:100]: Preload file at: file:///home/oscar/.dotfiles/emacs/.config/emacs/mason/packages/lua-language-server/libexec/script/core/rename.lua , size = 13.215 KB
[22:03:41.934][info] [#0:script/workspace/loading.lua:100]: Preload file at: file:///home/oscar/.dotfiles/emacs/.config/emacs/mason/packages/lua-language-server/libexec/script/core/semantic-tokens.lua , size = 30.688 KB
[22:03:41.954][info] [#0:script/workspace/loading.lua:100]: Preload file at: file:///home/oscar/.dotfiles/emacs/.config/emacs/mason/packages/lua-language-server/libexec/script/core/signature.lua , size = 6.765 KB
[22:03:41.961][info] [#0:script/workspace/loading.lua:100]: Preload file at: file:///home/oscar/.dotfiles/emacs/.config/emacs/mason/packages/lua-language-server/libexec/script/core/substring.lua , size = 0.328 KB
[22:03:42.062][info] [#0:script/workspace/loading.lua:100]: Preload file at: file:///home/oscar/.dotfiles/emacs/.config/emacs/mason/packages/lua-language-server/libexec/script/core/type-formatting.lua , size = 1.372 KB
[22:03:42.064][info] [#0:script/workspace/loading.lua:100]: Preload file at: file:///home/oscar/.dotfiles/emacs/.config/emacs/mason/packages/lua-language-server/libexec/script/core/type-definition.lua , size = 4.431 KB
[22:03:42.068][info] [#0:script/workspace/loading.lua:100]: Preload file at: file:///home/oscar/.dotfiles/emacs/.config/emacs/mason/packages/lua-language-server/libexec/script/core/view/psi-select.lua , size = 0.341 KB
[22:03:42.170][info] [#0:script/workspace/loading.lua:100]: Preload file at: file:///home/oscar/.dotfiles/emacs/.config/emacs/mason/packages/lua-language-server/libexec/script/core/workspace-symbol.lua , size = 4.551 KB
[22:03:42.175][info] [#0:script/workspace/loading.lua:100]: Preload file at: file:///home/oscar/.dotfiles/emacs/.config/emacs/mason/packages/lua-language-server/libexec/script/core/view/psi-view.lua , size = 2.613 KB
[22:03:42.178][info] [#0:script/workspace/loading.lua:100]: Preload file at: file:///home/oscar/.dotfiles/emacs/.config/emacs/mason/packages/lua-language-server/libexec/script/doctor.lua , size = 17.165 KB
[22:03:42.193][info] [#0:script/workspace/loading.lua:100]: Preload file at: file:///home/oscar/.dotfiles/emacs/.config/emacs/mason/packages/lua-language-server/libexec/script/encoder/ansi.lua , size = 0.365 KB
[22:03:42.194][info] [#0:script/workspace/loading.lua:100]: Preload file at: file:///home/oscar/.dotfiles/emacs/.config/emacs/mason/packages/lua-language-server/libexec/script/encoder/init.lua , size = 3.137 KB
[22:03:42.198][info] [#0:script/workspace/loading.lua:100]: Preload file at: file:///home/oscar/.dotfiles/emacs/.config/emacs/mason/packages/lua-language-server/libexec/script/encoder/utf16.lua , size = 4.196 KB
[22:03:42.202][info] [#0:script/workspace/loading.lua:100]: Preload file at: file:///home/oscar/.dotfiles/emacs/.config/emacs/mason/packages/lua-language-server/libexec/script/file-uri.lua , size = 2.697 KB
[22:03:42.206][info] [#0:script/workspace/loading.lua:100]: Preload file at: file:///home/oscar/.dotfiles/emacs/.config/emacs/mason/packages/lua-language-server/libexec/script/files.lua , size = 25.456 KB
[22:03:42.233][info] [#0:script/workspace/loading.lua:100]: Preload file at: file:///home/oscar/.dotfiles/emacs/.config/emacs/mason/packages/lua-language-server/libexec/script/filewatch.lua , size = 3.165 KB
[22:03:42.237][info] [#0:script/workspace/loading.lua:100]: Preload file at: file:///home/oscar/.dotfiles/emacs/.config/emacs/mason/packages/lua-language-server/libexec/script/fs-utility.lua , size = 16.346 KB
[22:03:42.254][info] [#0:script/workspace/loading.lua:100]: Preload file at: file:///home/oscar/.dotfiles/emacs/.config/emacs/mason/packages/lua-language-server/libexec/script/gc.lua , size = 2.936 KB
[22:03:42.257][info] [#0:script/workspace/loading.lua:100]: Preload file at: file:///home/oscar/.dotfiles/emacs/.config/emacs/mason/packages/lua-language-server/libexec/script/glob/gitignore.lua , size = 6.645 KB
[22:03:42.266][info] [#0:script/workspace/loading.lua:100]: Preload file at: file:///home/oscar/.dotfiles/emacs/.config/emacs/mason/packages/lua-language-server/libexec/script/glob/glob.lua , size = 3.361 KB
[22:03:42.271][info] [#0:script/workspace/loading.lua:100]: Preload file at: file:///home/oscar/.dotfiles/emacs/.config/emacs/mason/packages/lua-language-server/libexec/script/glob/init.lua , size = 0.083 KB
[22:03:42.271][info] [#0:script/workspace/loading.lua:100]: Preload file at: file:///home/oscar/.dotfiles/emacs/.config/emacs/mason/packages/lua-language-server/libexec/script/glob/matcher.lua , size = 3.496 KB
[22:03:42.276][info] [#0:script/workspace/loading.lua:100]: Preload file at: file:///home/oscar/.dotfiles/emacs/.config/emacs/mason/packages/lua-language-server/libexec/script/global.d.lua , size = 2.529 KB
[22:03:42.278][info] [#0:script/workspace/loading.lua:100]: Preload file at: file:///home/oscar/.dotfiles/emacs/.config/emacs/mason/packages/lua-language-server/libexec/script/inspect.lua , size = 8.271 KB
[22:03:42.287][info] [#0:script/workspace/loading.lua:100]: Preload file at: file:///home/oscar/.dotfiles/emacs/.config/emacs/mason/packages/lua-language-server/libexec/script/json-beautify.lua , size = 4.594 KB
[22:03:42.292][info] [#0:script/workspace/loading.lua:100]: Preload file at: file:///home/oscar/.dotfiles/emacs/.config/emacs/mason/packages/lua-language-server/libexec/script/json-edit.lua , size = 20.130 KB
[22:03:42.313][info] [#0:script/workspace/loading.lua:100]: Preload file at: file:///home/oscar/.dotfiles/emacs/.config/emacs/mason/packages/lua-language-server/libexec/script/json.lua , size = 14.861 KB
[22:03:42.328][info] [#0:script/workspace/loading.lua:100]: Preload file at: file:///home/oscar/.dotfiles/emacs/.config/emacs/mason/packages/lua-language-server/libexec/script/jsonc.lua , size = 10.552 KB
[22:03:42.337][info] [#0:script/workspace/loading.lua:100]: Preload file at: file:///home/oscar/.dotfiles/emacs/.config/emacs/mason/packages/lua-language-server/libexec/script/jsonrpc.lua , size = 1.716 KB
[22:03:42.340][info] [#0:script/workspace/loading.lua:100]: Preload file at: file:///home/oscar/.dotfiles/emacs/.config/emacs/mason/packages/lua-language-server/libexec/script/language.lua , size = 3.602 KB
[22:03:42.343][info] [#0:script/workspace/loading.lua:100]: Preload file at: file:///home/oscar/.dotfiles/emacs/.config/emacs/mason/packages/lua-language-server/libexec/script/lazy-cacher.lua , size = 4.464 KB
[22:03:42.349][info] [#0:script/workspace/loading.lua:100]: Preload file at: file:///home/oscar/.dotfiles/emacs/.config/emacs/mason/packages/lua-language-server/libexec/script/lazytable.lua , size = 8.425 KB
[22:03:42.359][info] [#0:script/workspace/loading.lua:100]: Preload file at: file:///home/oscar/.dotfiles/emacs/.config/emacs/mason/packages/lua-language-server/libexec/script/lclient.lua , size = 6.226 KB
[22:03:42.365][info] [#0:script/workspace/loading.lua:100]: Preload file at: file:///home/oscar/.dotfiles/emacs/.config/emacs/mason/packages/lua-language-server/libexec/script/library.lua , size = 20.288 KB
[22:03:42.383][info] [#0:script/workspace/loading.lua:100]: Preload file at: file:///home/oscar/.dotfiles/emacs/.config/emacs/mason/packages/lua-language-server/libexec/script/linked-table.lua , size = 4.326 KB
[22:03:42.389][info] [#0:script/workspace/loading.lua:100]: Preload file at: file:///home/oscar/.dotfiles/emacs/.config/emacs/mason/packages/lua-language-server/libexec/script/locale-loader.lua , size = 0.593 KB
[22:03:42.390][info] [#0:script/workspace/loading.lua:100]: Preload file at: file:///home/oscar/.dotfiles/emacs/.config/emacs/mason/packages/lua-language-server/libexec/script/log.lua , size = 3.695 KB
[22:03:42.395][info] [#0:script/workspace/loading.lua:100]: Preload file at: file:///home/oscar/.dotfiles/emacs/.config/emacs/mason/packages/lua-language-server/libexec/script/meta/bee/channel.lua , size = 0.529 KB
[22:03:42.396][info] [#0:script/workspace/loading.lua:100]: Preload file at: file:///home/oscar/.dotfiles/emacs/.config/emacs/mason/packages/lua-language-server/libexec/script/meta/bee/filesystem.lua , size = 1.903 KB
[22:03:42.399][info] [#0:script/workspace/loading.lua:100]: Preload file at: file:///home/oscar/.dotfiles/emacs/.config/emacs/mason/packages/lua-language-server/libexec/script/meta/bee/filewatch.lua , size = 0.522 KB
[22:03:42.400][info] [#0:script/workspace/loading.lua:100]: Preload file at: file:///home/oscar/.dotfiles/emacs/.config/emacs/mason/packages/lua-language-server/libexec/script/meta/bee/select.lua , size = 1.337 KB
[22:03:42.402][info] [#0:script/workspace/loading.lua:100]: Preload file at: file:///home/oscar/.dotfiles/emacs/.config/emacs/mason/packages/lua-language-server/libexec/script/meta/bee/socket.lua , size = 1.343 KB
[22:03:42.405][info] [#0:script/workspace/loading.lua:100]: Preload file at: file:///home/oscar/.dotfiles/emacs/.config/emacs/mason/packages/lua-language-server/libexec/script/meta/bee/sys.lua , size = 0.229 KB
[22:03:42.406][info] [#0:script/workspace/loading.lua:100]: Preload file at: file:///home/oscar/.dotfiles/emacs/.config/emacs/mason/packages/lua-language-server/libexec/script/meta/bee/thread.lua , size = 1.016 KB
[22:03:42.408][info] [#0:script/workspace/loading.lua:100]: Preload file at: file:///home/oscar/.dotfiles/emacs/.config/emacs/mason/packages/lua-language-server/libexec/script/parser/compile.lua , size = 124.812 KB
[22:03:42.515][info] [#0:script/workspace/loading.lua:100]: Preload file at: file:///home/oscar/.dotfiles/emacs/.config/emacs/mason/packages/lua-language-server/libexec/script/parser/guide.lua , size = 35.322 KB
[22:03:42.547][info] [#0:script/workspace/loading.lua:100]: Preload file at: file:///home/oscar/.dotfiles/emacs/.config/emacs/mason/packages/lua-language-server/libexec/script/parser/init.lua , size = 0.197 KB
[22:03:42.547][info] [#0:script/workspace/loading.lua:100]: Preload file at: file:///home/oscar/.dotfiles/emacs/.config/emacs/mason/packages/lua-language-server/libexec/script/parser/lines.lua , size = 0.516 KB
[22:03:42.548][info] [#0:script/workspace/loading.lua:100]: Preload file at: file:///home/oscar/.dotfiles/emacs/.config/emacs/mason/packages/lua-language-server/libexec/script/parser/luadoc.lua , size = 64.065 KB
[22:03:42.600][info] [#0:script/workspace/loading.lua:100]: Preload file at: file:///home/oscar/.dotfiles/emacs/.config/emacs/mason/packages/lua-language-server/libexec/script/parser/relabel.lua , size = 9.647 KB
[22:03:42.613][info] [#0:script/workspace/loading.lua:100]: Preload file at: file:///home/oscar/.dotfiles/emacs/.config/emacs/mason/packages/lua-language-server/libexec/script/parser/tokens.lua , size = 1.255 KB
[22:03:42.615][info] [#0:script/workspace/loading.lua:100]: Preload file at: file:///home/oscar/.dotfiles/emacs/.config/emacs/mason/packages/lua-language-server/libexec/script/plugin.lua , size = 5.141 KB
[22:03:42.620][info] [#0:script/workspace/loading.lua:100]: Preload file at: file:///home/oscar/.dotfiles/emacs/.config/emacs/mason/packages/lua-language-server/libexec/script/plugins/astHelper.lua , size = 2.646 KB
[22:03:42.624][info] [#0:script/workspace/loading.lua:100]: Preload file at: file:///home/oscar/.dotfiles/emacs/.config/emacs/mason/packages/lua-language-server/libexec/script/plugins/ffi/c-parser/c99.lua , size = 25.434 KB
[22:03:42.632][info] [#0:script/workspace/loading.lua:100]: Preload file at: file:///home/oscar/.dotfiles/emacs/.config/emacs/mason/packages/lua-language-server/libexec/script/plugins/ffi/c-parser/cdefines.lua , size = 4.068 KB
[22:03:42.637][info] [#0:script/workspace/loading.lua:100]: Preload file at: file:///home/oscar/.dotfiles/emacs/.config/emacs/mason/packages/lua-language-server/libexec/script/plugins/ffi/c-parser/cdriver.lua , size = 1.504 KB
[22:03:42.638][info] [#0:script/workspace/loading.lua:100]: Preload file at: file:///home/oscar/.dotfiles/emacs/.config/emacs/mason/packages/lua-language-server/libexec/script/plugins/ffi/c-parser/cpp.lua , size = 27.763 KB
[22:03:42.664][info] [#0:script/workspace/loading.lua:100]: Preload file at: file:///home/oscar/.dotfiles/emacs/.config/emacs/mason/packages/lua-language-server/libexec/script/plugins/ffi/c-parser/ctypes.lua , size = 16.584 KB
[22:03:42.680][info] [#0:script/workspace/loading.lua:100]: Preload file at: file:///home/oscar/.dotfiles/emacs/.config/emacs/mason/packages/lua-language-server/libexec/script/plugins/ffi/c-parser/typed.lua , size = 4.115 KB
[22:03:42.685][info] [#0:script/workspace/loading.lua:100]: Preload file at: file:///home/oscar/.dotfiles/emacs/.config/emacs/mason/packages/lua-language-server/libexec/script/plugins/ffi/c-parser/util.lua , size = 0.475 KB
[22:03:42.687][info] [#0:script/workspace/loading.lua:100]: Preload file at: file:///home/oscar/.dotfiles/emacs/.config/emacs/mason/packages/lua-language-server/libexec/script/plugins/ffi/cdefRerence.lua , size = 1.023 KB
[22:03:42.688][info] [#0:script/workspace/loading.lua:100]: Preload file at: file:///home/oscar/.dotfiles/emacs/.config/emacs/mason/packages/lua-language-server/libexec/script/plugins/ffi/init.lua , size = 10.208 KB
[22:03:42.700][info] [#0:script/workspace/loading.lua:100]: Preload file at: file:///home/oscar/.dotfiles/emacs/.config/emacs/mason/packages/lua-language-server/libexec/script/plugins/ffi/searchCode.lua , size = 1.740 KB
[22:03:42.702][info] [#0:script/workspace/loading.lua:100]: Preload file at: file:///home/oscar/.dotfiles/emacs/.config/emacs/mason/packages/lua-language-server/libexec/script/plugins/init.lua , size = 0.021 KB
[22:03:42.702][info] [#0:script/workspace/loading.lua:100]: Preload file at: file:///home/oscar/.dotfiles/emacs/.config/emacs/mason/packages/lua-language-server/libexec/script/plugins/nodeHelper.lua , size = 1.880 KB
[22:03:42.705][info] [#0:script/workspace/loading.lua:100]: Preload file at: file:///home/oscar/.dotfiles/emacs/.config/emacs/mason/packages/lua-language-server/libexec/script/progress.lua , size = 4.025 KB
[22:03:42.710][info] [#0:script/workspace/loading.lua:100]: Preload file at: file:///home/oscar/.dotfiles/emacs/.config/emacs/mason/packages/lua-language-server/libexec/script/proto/converter.lua , size = 6.004 KB
[22:03:42.716][info] [#0:script/workspace/loading.lua:100]: Preload file at: file:///home/oscar/.dotfiles/emacs/.config/emacs/mason/packages/lua-language-server/libexec/script/proto/define.lua , size = 4.137 KB
[22:03:42.720][info] [#0:script/workspace/loading.lua:100]: Preload file at: file:///home/oscar/.dotfiles/emacs/.config/emacs/mason/packages/lua-language-server/libexec/script/proto/diagnostic.lua , size = 6.046 KB
[22:03:42.726][info] [#0:script/workspace/loading.lua:100]: Preload file at: file:///home/oscar/.dotfiles/emacs/.config/emacs/mason/packages/lua-language-server/libexec/script/proto/init.lua , size = 0.051 KB
[22:03:42.726][info] [#0:script/workspace/loading.lua:100]: Preload file at: file:///home/oscar/.dotfiles/emacs/.config/emacs/mason/packages/lua-language-server/libexec/script/proto/proto.lua , size = 7.406 KB
[22:03:42.735][info] [#0:script/workspace/loading.lua:100]: Preload file at: file:///home/oscar/.dotfiles/emacs/.config/emacs/mason/packages/lua-language-server/libexec/script/provider/build-meta.lua , size = 4.304 KB
[22:03:42.742][info] [#0:script/workspace/loading.lua:100]: Preload file at: file:///home/oscar/.dotfiles/emacs/.config/emacs/mason/packages/lua-language-server/libexec/script/provider/capability.lua , size = 1.943 KB
[22:03:42.744][info] [#0:script/workspace/loading.lua:100]: Preload file at: file:///home/oscar/.dotfiles/emacs/.config/emacs/mason/packages/lua-language-server/libexec/script/provider/code-lens.lua , size = 0.684 KB
[22:03:42.745][info] [#0:script/workspace/loading.lua:100]: Preload file at: file:///home/oscar/.dotfiles/emacs/.config/emacs/mason/packages/lua-language-server/libexec/script/provider/completion.lua , size = 2.552 KB
[22:03:42.748][info] [#0:script/workspace/loading.lua:100]: Preload file at: file:///home/oscar/.dotfiles/emacs/.config/emacs/mason/packages/lua-language-server/libexec/script/provider/diagnostic.lua , size = 18.750 KB
[22:03:42.766][info] [#0:script/workspace/loading.lua:100]: Preload file at: file:///home/oscar/.dotfiles/emacs/.config/emacs/mason/packages/lua-language-server/libexec/script/provider/formatting.lua , size = 2.604 KB
[22:03:42.769][info] [#0:script/workspace/loading.lua:100]: Preload file at: file:///home/oscar/.dotfiles/emacs/.config/emacs/mason/packages/lua-language-server/libexec/script/provider/init.lua , size = 0.063 KB
[22:03:42.770][info] [#0:script/workspace/loading.lua:100]: Preload file at: file:///home/oscar/.dotfiles/emacs/.config/emacs/mason/packages/lua-language-server/libexec/script/provider/inlay-hint.lua , size = 0.685 KB
[22:03:42.771][info] [#0:script/workspace/loading.lua:100]: Preload file at: file:///home/oscar/.dotfiles/emacs/.config/emacs/mason/packages/lua-language-server/libexec/script/provider/language-configuration.lua , size = 3.476 KB
[22:03:42.773][info] [#0:script/workspace/loading.lua:100]: Preload file at: file:///home/oscar/.dotfiles/emacs/.config/emacs/mason/packages/lua-language-server/libexec/script/provider/markdown.lua , size = 4.229 KB
[22:03:42.778][info] [#0:script/workspace/loading.lua:100]: Preload file at: file:///home/oscar/.dotfiles/emacs/.config/emacs/mason/packages/lua-language-server/libexec/script/provider/name-style.lua , size = 0.561 KB
[22:03:42.779][info] [#0:script/workspace/loading.lua:100]: Preload file at: file:///home/oscar/.dotfiles/emacs/.config/emacs/mason/packages/lua-language-server/libexec/script/provider/provider.lua , size = 50.835 KB
[22:03:42.820][info] [#0:script/workspace/loading.lua:100]: Preload file at: file:///home/oscar/.dotfiles/emacs/.config/emacs/mason/packages/lua-language-server/libexec/script/provider/semantic-tokens.lua , size = 0.702 KB
[22:03:42.821][info] [#0:script/workspace/loading.lua:100]: Preload file at: file:///home/oscar/.dotfiles/emacs/.config/emacs/mason/packages/lua-language-server/libexec/script/provider/spell.lua , size = 1.290 KB
[22:03:42.823][info] [#0:script/workspace/loading.lua:100]: Preload file at: file:///home/oscar/.dotfiles/emacs/.config/emacs/mason/packages/lua-language-server/libexec/script/pub/init.lua , size = 0.062 KB
[22:03:42.823][info] [#0:script/workspace/loading.lua:100]: Preload file at: file:///home/oscar/.dotfiles/emacs/.config/emacs/mason/packages/lua-language-server/libexec/script/pub/pub.lua , size = 7.522 KB
[22:03:42.830][info] [#0:script/workspace/loading.lua:100]: Preload file at: file:///home/oscar/.dotfiles/emacs/.config/emacs/mason/packages/lua-language-server/libexec/script/pub/report.lua , size = 0.622 KB
[22:03:42.832][info] [#0:script/workspace/loading.lua:100]: Preload file at: file:///home/oscar/.dotfiles/emacs/.config/emacs/mason/packages/lua-language-server/libexec/script/service/init.lua , size = 0.057 KB
[22:03:42.832][info] [#0:script/workspace/loading.lua:100]: Preload file at: file:///home/oscar/.dotfiles/emacs/.config/emacs/mason/packages/lua-language-server/libexec/script/service/net.lua , size = 6.350 KB
[22:03:42.839][info] [#0:script/workspace/loading.lua:100]: Preload file at: file:///home/oscar/.dotfiles/emacs/.config/emacs/mason/packages/lua-language-server/libexec/script/service/service.lua , size = 7.496 KB
[22:03:42.847][info] [#0:script/workspace/loading.lua:100]: Preload file at: file:///home/oscar/.dotfiles/emacs/.config/emacs/mason/packages/lua-language-server/libexec/script/string-merger.lua , size = 4.062 KB
[22:03:42.852][info] [#0:script/workspace/loading.lua:100]: Preload file at: file:///home/oscar/.dotfiles/emacs/.config/emacs/mason/packages/lua-language-server/libexec/script/text-merger.lua , size = 3.001 KB
[22:03:42.856][info] [#0:script/workspace/loading.lua:100]: Preload file at: file:///home/oscar/.dotfiles/emacs/.config/emacs/mason/packages/lua-language-server/libexec/script/timer.lua , size = 5.013 KB
[22:03:42.861][info] [#0:script/workspace/loading.lua:100]: Preload file at: file:///home/oscar/.dotfiles/emacs/.config/emacs/mason/packages/lua-language-server/libexec/script/tracy.lua , size = 0.655 KB
[22:03:42.862][info] [#0:script/workspace/loading.lua:100]: Preload file at: file:///home/oscar/.dotfiles/emacs/.config/emacs/mason/packages/lua-language-server/libexec/script/utility.lua , size = 30.914 KB
[22:03:42.897][info] [#0:script/workspace/loading.lua:100]: Preload file at: file:///home/oscar/.dotfiles/emacs/.config/emacs/mason/packages/lua-language-server/libexec/script/version.lua , size = 0.546 KB
[22:03:42.899][info] [#0:script/workspace/loading.lua:100]: Preload file at: file:///home/oscar/.dotfiles/emacs/.config/emacs/mason/packages/lua-language-server/libexec/script/vm/compiler.lua , size = 76.194 KB
[22:03:42.958][info] [#0:script/workspace/loading.lua:100]: Preload file at: file:///home/oscar/.dotfiles/emacs/.config/emacs/mason/packages/lua-language-server/libexec/script/vm/def.lua , size = 3.571 KB
[22:03:42.961][info] [#0:script/workspace/loading.lua:100]: Preload file at: file:///home/oscar/.dotfiles/emacs/.config/emacs/mason/packages/lua-language-server/libexec/script/vm/doc.lua , size = 13.928 KB
[22:03:42.974][info] [#0:script/workspace/loading.lua:100]: Preload file at: file:///home/oscar/.dotfiles/emacs/.config/emacs/mason/packages/lua-language-server/libexec/script/vm/field.lua , size = 1.469 KB
[22:03:42.976][info] [#0:script/workspace/loading.lua:100]: Preload file at: file:///home/oscar/.dotfiles/emacs/.config/emacs/mason/packages/lua-language-server/libexec/script/vm/function.lua , size = 14.858 KB
[22:03:42.991][info] [#0:script/workspace/loading.lua:100]: Preload file at: file:///home/oscar/.dotfiles/emacs/.config/emacs/mason/packages/lua-language-server/libexec/script/vm/generic.lua , size = 4.938 KB
[22:03:42.996][info] [#0:script/workspace/loading.lua:100]: Preload file at: file:///home/oscar/.dotfiles/emacs/.config/emacs/mason/packages/lua-language-server/libexec/script/vm/global.lua , size = 20.055 KB
[22:03:43.015][info] [#0:script/workspace/loading.lua:100]: Preload file at: file:///home/oscar/.dotfiles/emacs/.config/emacs/mason/packages/lua-language-server/libexec/script/vm/infer.lua , size = 16.351 KB
[22:03:43.034][info] [#0:script/workspace/loading.lua:100]: Preload file at: file:///home/oscar/.dotfiles/emacs/.config/emacs/mason/packages/lua-language-server/libexec/script/vm/init.lua , size = 0.453 KB
[22:03:43.035][info] [#0:script/workspace/loading.lua:100]: Preload file at: file:///home/oscar/.dotfiles/emacs/.config/emacs/mason/packages/lua-language-server/libexec/script/vm/library.lua , size = 0.307 KB
[22:03:43.036][info] [#0:script/workspace/loading.lua:100]: Preload file at: file:///home/oscar/.dotfiles/emacs/.config/emacs/mason/packages/lua-language-server/libexec/script/vm/node.lua , size = 13.608 KB
[22:03:43.050][info] [#0:script/workspace/loading.lua:100]: Preload file at: file:///home/oscar/.dotfiles/emacs/.config/emacs/mason/packages/lua-language-server/libexec/script/vm/operator.lua , size = 14.006 KB
[22:03:43.063][info] [#0:script/workspace/loading.lua:100]: Preload file at: file:///home/oscar/.dotfiles/emacs/.config/emacs/mason/packages/lua-language-server/libexec/script/vm/precompile.lua , size = 0.492 KB
[22:03:43.064][info] [#0:script/workspace/loading.lua:100]: Preload file at: file:///home/oscar/.dotfiles/emacs/.config/emacs/mason/packages/lua-language-server/libexec/script/vm/ref.lua , size = 8.918 KB
[22:03:43.072][info] [#0:script/workspace/loading.lua:100]: Preload file at: file:///home/oscar/.dotfiles/emacs/.config/emacs/mason/packages/lua-language-server/libexec/script/vm/sign.lua , size = 11.695 KB
[22:03:43.081][info] [#0:script/workspace/loading.lua:100]: Preload file at: file:///home/oscar/.dotfiles/emacs/.config/emacs/mason/packages/lua-language-server/libexec/script/vm/tracer.lua , size = 29.886 KB
[22:03:43.109][info] [#0:script/workspace/loading.lua:100]: Preload file at: file:///home/oscar/.dotfiles/emacs/.config/emacs/mason/packages/lua-language-server/libexec/script/vm/type.lua , size = 28.980 KB
[22:03:43.134][info] [#0:script/workspace/loading.lua:100]: Preload file at: file:///home/oscar/.dotfiles/emacs/.config/emacs/mason/packages/lua-language-server/libexec/script/vm/value.lua , size = 5.620 KB
[22:03:43.140][info] [#0:script/workspace/loading.lua:100]: Preload file at: file:///home/oscar/.dotfiles/emacs/.config/emacs/mason/packages/lua-language-server/libexec/script/vm/variable.lua , size = 10.557 KB
[22:03:43.151][info] [#0:script/workspace/loading.lua:100]: Preload file at: file:///home/oscar/.dotfiles/emacs/.config/emacs/mason/packages/lua-language-server/libexec/script/vm/visible.lua , size = 5.735 KB
[22:03:43.157][info] [#0:script/workspace/loading.lua:100]: Preload file at: file:///home/oscar/.dotfiles/emacs/.config/emacs/mason/packages/lua-language-server/libexec/script/vm/vm.lua , size = 2.757 KB
[22:03:43.160][info] [#0:script/workspace/loading.lua:100]: Preload file at: file:///home/oscar/.dotfiles/emacs/.config/emacs/mason/packages/lua-language-server/libexec/script/without-check-nil.lua , size = 2.785 KB
[22:03:43.163][info] [#0:script/workspace/loading.lua:100]: Preload file at: file:///home/oscar/.dotfiles/emacs/.config/emacs/mason/packages/lua-language-server/libexec/script/workspace/init.lua , size = 0.064 KB
[22:03:43.163][info] [#0:script/workspace/loading.lua:100]: Preload file at: file:///home/oscar/.dotfiles/emacs/.config/emacs/mason/packages/lua-language-server/libexec/script/workspace/loading.lua , size = 6.464 KB
[22:03:43.171][info] [#0:script/workspace/loading.lua:100]: Preload file at: file:///home/oscar/.dotfiles/emacs/.config/emacs/mason/packages/lua-language-server/libexec/script/workspace/require-path.lua , size = 10.014 KB
[22:03:43.181][info] [#0:script/workspace/loading.lua:100]: Preload file at: file:///home/oscar/.dotfiles/emacs/.config/emacs/mason/packages/lua-language-server/libexec/script/workspace/scope.lua , size = 4.774 KB
[22:03:43.188][info] [#0:script/workspace/loading.lua:100]: Preload file at: file:///home/oscar/.dotfiles/emacs/.config/emacs/mason/packages/lua-language-server/libexec/script/workspace/workspace.lua , size = 16.998 KB
[22:03:43.207][info] [#0:script/workspace/loading.lua:100]: Preload file at: file:///home/oscar/.dotfiles/emacs/.config/emacs/mason/packages/lua-language-server/libexec/log/middleScript.lua , size = 1.304 KB
[22:03:43.412][info] [#0:script/workspace/loading.lua:139]: Preload dll at: file:///home/oscar/.dotfiles/emacs/.config/emacs/share/eclipse.jdt.ls/config_linux/org.eclipse.equinox.launcher/org.eclipse.equinox.launcher.gtk.linux.x86_64_1.2.1500.v20250801-0854/eclipse_11916.so , size = 189.617 KB
[22:03:43.415][info] [#0:script/workspace/loading.lua:100]: Preload file at: file:///home/oscar/.dotfiles/matugen/.config/matugen/templates/nvchad-colors.lua , size = 3.323 KB
[22:03:43.517][info] [#0:script/workspace/loading.lua:100]: Preload file at: file:///home/oscar/.dotfiles/mpv/.config/mpv/scripts/thumbfast.lua , size = 31.152 KB
[22:03:43.543][info] [#0:script/workspace/loading.lua:100]: Preload file at: file:///home/oscar/.dotfiles/mpv/.config/mpv/scripts/uosc/elements/BufferingIndicator.lua , size = 1.649 KB
[22:03:43.546][info] [#0:script/workspace/loading.lua:100]: Preload file at: file:///home/oscar/.dotfiles/mpv/.config/mpv/scripts/uosc/elements/Button.lua , size = 3.548 KB
[22:03:43.551][info] [#0:script/workspace/loading.lua:100]: Preload file at: file:///home/oscar/.dotfiles/mpv/.config/mpv/scripts/uosc/elements/Controls.lua , size = 15.713 KB
[22:03:43.567][info] [#0:script/workspace/loading.lua:100]: Preload file at: file:///home/oscar/.dotfiles/mpv/.config/mpv/scripts/uosc/elements/Curtain.lua , size = 0.992 KB
[22:03:43.569][info] [#0:script/workspace/loading.lua:100]: Preload file at: file:///home/oscar/.dotfiles/mpv/.config/mpv/scripts/uosc/elements/CycleButton.lua , size = 2.990 KB
[22:03:43.573][info] [#0:script/workspace/loading.lua:100]: Preload file at: file:///home/oscar/.dotfiles/mpv/.config/mpv/scripts/uosc/elements/Element.lua , size = 9.366 KB
[22:03:43.584][info] [#0:script/workspace/loading.lua:100]: Preload file at: file:///home/oscar/.dotfiles/mpv/.config/mpv/scripts/uosc/elements/Elements.lua , size = 4.723 KB
[22:03:43.590][info] [#0:script/workspace/loading.lua:100]: Preload file at: file:///home/oscar/.dotfiles/mpv/.config/mpv/scripts/uosc/elements/ManagedButton.lua , size = 1.154 KB
[22:03:43.592][info] [#0:script/workspace/loading.lua:100]: Preload file at: file:///home/oscar/.dotfiles/mpv/.config/mpv/scripts/uosc/elements/Menu.lua , size = 64.596 KB
[22:03:43.666][info] [#0:script/workspace/loading.lua:100]: Preload file at: file:///home/oscar/.dotfiles/mpv/.config/mpv/scripts/uosc/elements/PauseIndicator.lua , size = 2.607 KB
[22:03:43.669][info] [#0:script/workspace/loading.lua:100]: Preload file at: file:///home/oscar/.dotfiles/mpv/.config/mpv/scripts/uosc/elements/Speed.lua , size = 5.950 KB
[22:03:43.677][info] [#0:script/workspace/loading.lua:100]: Preload file at: file:///home/oscar/.dotfiles/mpv/.config/mpv/scripts/uosc/elements/Timeline.lua , size = 18.831 KB
[22:03:43.700][info] [#0:script/workspace/loading.lua:100]: Preload file at: file:///home/oscar/.dotfiles/mpv/.config/mpv/scripts/uosc/elements/TopBar.lua , size = 15.128 KB
[22:03:43.718][info] [#0:script/workspace/loading.lua:100]: Preload file at: file:///home/oscar/.dotfiles/mpv/.config/mpv/scripts/uosc/elements/Updater.lua , size = 10.261 KB
[22:03:43.730][info] [#0:script/workspace/loading.lua:100]: Preload file at: file:///home/oscar/.dotfiles/mpv/.config/mpv/scripts/uosc/elements/Volume.lua , size = 10.056 KB
[22:03:43.744][info] [#0:script/workspace/loading.lua:100]: Preload file at: file:///home/oscar/.dotfiles/mpv/.config/mpv/scripts/uosc/elements/WindowBorder.lua , size = 1.182 KB
[22:03:43.746][info] [#0:script/workspace/loading.lua:100]: Preload file at: file:///home/oscar/.dotfiles/mpv/.config/mpv/scripts/uosc/lib/ass.lua , size = 11.241 KB
[22:03:43.761][info] [#0:script/workspace/loading.lua:100]: Preload file at: file:///home/oscar/.dotfiles/mpv/.config/mpv/scripts/uosc/lib/buttons.lua , size = 1.844 KB
[22:03:43.764][info] [#0:script/workspace/loading.lua:100]: Preload file at: file:///home/oscar/.dotfiles/mpv/.config/mpv/scripts/uosc/lib/char_conv.lua , size = 1.520 KB
[22:03:43.766][info] [#0:script/workspace/loading.lua:100]: Preload file at: file:///home/oscar/.dotfiles/mpv/.config/mpv/scripts/uosc/lib/cursor.lua , size = 15.569 KB
[22:03:43.781][info] [#0:script/workspace/loading.lua:100]: Preload file at: file:///home/oscar/.dotfiles/mpv/.config/mpv/scripts/uosc/lib/fzy.lua , size = 7.973 KB
[22:03:43.787][info] [#0:script/workspace/loading.lua:100]: Preload file at: file:///home/oscar/.dotfiles/mpv/.config/mpv/scripts/uosc/lib/intl.lua , size = 1.562 KB
[22:03:43.790][info] [#0:script/workspace/loading.lua:100]: Preload file at: file:///home/oscar/.dotfiles/mpv/.config/mpv/scripts/uosc/lib/menus.lua , size = 35.909 KB
[22:03:43.825][info] [#0:script/workspace/loading.lua:100]: Preload file at: file:///home/oscar/.dotfiles/mpv/.config/mpv/scripts/uosc/lib/std.lua , size = 9.728 KB
[22:03:43.839][info] [#0:script/workspace/loading.lua:100]: Preload file at: file:///home/oscar/.dotfiles/mpv/.config/mpv/scripts/uosc/lib/text.lua , size = 21.710 KB
[22:03:43.862][info] [#0:script/workspace/loading.lua:100]: Preload file at: file:///home/oscar/.dotfiles/mpv/.config/mpv/scripts/uosc/lib/utils.lua , size = 33.936 KB
[22:03:43.898][info] [#0:script/workspace/loading.lua:100]: Preload file at: file:///home/oscar/.dotfiles/mpv/.config/mpv/scripts/uosc/main.lua , size = 42.279 KB
[22:03:43.939][info] [#0:script/workspace/loading.lua:100]: Preload file at: file:///home/oscar/.dotfiles/nvim/.config/nvim/init.lua , size = 0.043 KB
[22:03:43.940][info] [#0:script/workspace/loading.lua:100]: Preload file at: file:///home/oscar/.dotfiles/nvim/.config/nvim/lua/config.lua , size = 0.022 KB
[22:03:43.940][info] [#0:script/workspace/loading.lua:100]: Preload file at: file:///home/oscar/.dotfiles/nvim/.config/nvim/lua/config_lazy.lua , size = 0.934 KB
[22:03:43.942][info] [#0:script/workspace/loading.lua:100]: Preload file at: file:///home/oscar/.dotfiles/nvim/.config/nvim/lua/none-ls.lua , size = 0.326 KB
[22:03:43.942][info] [#0:script/workspace/loading.lua:100]: Preload file at: file:///home/oscar/.dotfiles/nvim/.config/nvim/lua/plugins/catppuccin.lua , size = 0.134 KB
[22:03:43.943][info] [#0:script/workspace/loading.lua:100]: Preload file at: file:///home/oscar/.dotfiles/nvim/.config/nvim/lua/plugins/completions.lua , size = 1.139 KB
[22:03:43.944][info] [#0:script/workspace/loading.lua:100]: Preload file at: file:///home/oscar/.dotfiles/nvim/.config/nvim/lua/plugins/lsp-config.lua , size = 0.740 KB
[22:03:43.945][info] [#0:script/workspace/loading.lua:100]: Preload file at: file:///home/oscar/.dotfiles/nvim/.config/nvim/lua/plugins/lualine.lua , size = 0.250 KB
[22:03:43.946][info] [#0:script/workspace/loading.lua:100]: Preload file at: file:///home/oscar/.dotfiles/nvim/.config/nvim/lua/plugins/neo-tree.lua , size = 0.431 KB
[22:03:43.946][info] [#0:script/workspace/loading.lua:100]: Preload file at: file:///home/oscar/.dotfiles/nvim/.config/nvim/lua/plugins/none-ls.lua , size = 0.472 KB
[22:03:43.947][info] [#0:script/workspace/loading.lua:100]: Preload file at: file:///home/oscar/.dotfiles/nvim/.config/nvim/lua/plugins/telescope.lua , size = 1.341 KB
[22:03:43.948][info] [#0:script/workspace/loading.lua:100]: Preload file at: file:///home/oscar/.dotfiles/nvim/.config/nvim/lua/plugins/tressiter.lua , size = 0.437 KB
[22:03:43.949][info] [#0:script/workspace/loading.lua:100]: Preload file at: file:///home/oscar/.dotfiles/wezterm/.config/wezterm/wezterm.lua , size = 1.946 KB
[22:03:43.951][info] [#0:script/workspace/loading.lua:100]: Preload file at: file:///home/oscar/.dotfiles/elephant/.config/elephant/menus/menu.lua , size = 1.117 KB
[22:03:43.952][info] [#0:script/workspace/loading.lua:100]: Preload file at: file:///home/oscar/.dotfiles/elephant/.config/elephant/menus/games.lua , size = 0.235 KB
[22:03:43.952][info] [#0:script/workspace/loading.lua:100]: Preload file at: file:///home/oscar/.dotfiles/elephant/.config/elephant/menus/sistema.lua , size = 0.412 KB
[22:03:43.953][info] [#0:script/workspace/loading.lua:100]: Preload file at: file:///home/oscar/.dotfiles/elephant/.config/elephant/menus/dynamic/powerprofile.lua , size = 1.202 KB
[22:03:43.954][info] [#0:script/workspace/loading.lua:100]: Preload file at: file:///home/oscar/.dotfiles/elephant/.config/elephant/menus/dynamic/fastfetch-configs.lua , size = 1.885 KB
[22:03:43.957][info] [#0:script/workspace/loading.lua:100]: Preload file at: file:///home/oscar/.dotfiles/elephant/.config/elephant/menus/dynamic/animations-hypr.lua , size = 0.945 KB
[22:03:43.958][info] [#0:script/workspace/loading.lua:100]: Preload file at: file:///home/oscar/.dotfiles/elephant/.config/elephant/menus/dynamic/waybar-layout-selector.lua , size = 3.050 KB
[22:03:43.960][info] [#0:script/workspace/loading.lua:100]: Preload file at: file:///home/oscar/.dotfiles/elephant/.config/elephant/menus/themes.lua , size = 0.438 KB
[22:03:43.961][info] [#0:script/workspace/loading.lua:100]: Preload file at: file:///home/oscar/.dotfiles/elephant/.config/elephant/menus/packages.lua , size = 0.278 KB
[22:03:43.962][info] [#0:script/workspace/loading.lua:100]: Preload file at: file:///home/oscar/.dotfiles/elephant/.config/elephant/menus/configuration.lua , size = 1.263 KB
[22:03:43.963][info] [#0:script/workspace/loading.lua:100]: Preload file at: file:///home/oscar/.dotfiles/elephant/.config/elephant/menus/installation.lua , size = 0.258 KB
[22:03:43.963][info] [#0:script/workspace/loading.lua:100]: Preload file at: file:///home/oscar/.dotfiles/elephant/.config/elephant/menus/uninstallation.lua , size = 0.238 KB
[22:03:44.064][info] [#0:script/workspace/loading.lua:172]: Loaded files takes [11.983] sec: file:///home/oscar/.dotfiles
[22:03:44.064][info] [#0:script/workspace/loading.lua:181]: Compile files takes [0.000] sec: file:///home/oscar/.dotfiles
[22:03:44.064][info] [#0:script/workspace/loading.lua:182]: Loaded finish:	file:///home/oscar/.dotfiles
[22:03:44.064][info] [#0:script/workspace/workspace.lua:389]: Preload finish at:	file:///home/oscar/.dotfiles
[22:03:44.639][warn] [#0:script/proto/proto.lua:189]: Method [textDocument/didOpen] takes [16.683]sec. {
  jsonrpc = "2.0",
  method = "textDocument/didOpen",
  params = {
    textDocument = {
      languageId = "lua",
      text = '"***"',
      uri = "file:///home/oscar/.dotfiles/elephant/.config/elephant/menus/wallpapers.lua",
      version = 0
    }
  }
}
[22:03:44.643][info] [#0:script/provider/diagnostic.lua:560]: Diagnostics scope [file:///home/oscar/.dotfiles], files count:[1252]
[22:03:44.653][warn] [#0:script/proto/proto.lua:189]: Method [textDocument/signatureHelp] takes [15.618]sec. {
  id = 4,
  jsonrpc = "2.0",
  method = "textDocument/signatureHelp",
  params = {
    position = {
      character = 0,
      line = 0
    },
    textDocument = {
      uri = "file:///home/oscar/.dotfiles/elephant/.config/elephant/menus/wallpapers.lua"
    }
  }
}
[22:03:44.653][warn] [#0:script/proto/proto.lua:189]: Method [textDocument/signatureHelp] takes [15.618]sec. {
  id = 6,
  jsonrpc = "2.0",
  method = "textDocument/signatureHelp",
  params = {
    position = {
      character = 0,
      line = 0
    },
    textDocument = {
      uri = "file:///home/oscar/.dotfiles/elephant/.config/elephant/menus/wallpapers.lua"
    }
  }
}
[22:03:44.653][warn] [#0:script/proto/proto.lua:189]: Method [textDocument/signatureHelp] takes [13.245]sec. {
  id = 8,
  jsonrpc = "2.0",
  method = "textDocument/signatureHelp",
  params = {
    position = {
      character = 19,
      line = 9
    },
    textDocument = {
      uri = "file:///home/oscar/.dotfiles/elephant/.config/elephant/menus/wallpapers.lua"
    }
  }
}
[22:03:44.653][warn] [#0:script/proto/proto.lua:189]: Method [textDocument/signatureHelp] takes [12.565]sec. {
  id = 12,
  jsonrpc = "2.0",
  method = "textDocument/signatureHelp",
  params = {
    position = {
      character = 20,
      line = 9
    },
    textDocument = {
      uri = "file:///home/oscar/.dotfiles/elephant/.config/elephant/menus/wallpapers.lua"
    }
  }
}
[22:03:44.654][warn] [#0:script/proto/proto.lua:189]: Method [textDocument/signatureHelp] takes [11.550]sec. {
  id = 14,
  jsonrpc = "2.0",
  method = "textDocument/signatureHelp",
  params = {
    position = {
      character = 39,
      line = 9
    },
    textDocument = {
      uri = "file:///home/oscar/.dotfiles/elephant/.config/elephant/menus/wallpapers.lua"
    }
  }
}
[22:03:44.654][warn] [#0:script/proto/proto.lua:189]: Method [textDocument/signatureHelp] takes [10.364]sec. {
  id = 18,
  jsonrpc = "2.0",
  method = "textDocument/signatureHelp",
  params = {
    position = {
      character = 40,
      line = 9
    },
    textDocument = {
      uri = "file:///home/oscar/.dotfiles/elephant/.config/elephant/menus/wallpapers.lua"
    }
  }
}
[22:03:44.654][warn] [#0:script/proto/proto.lua:189]: Method [textDocument/signatureHelp] takes [9.606]sec. {
  id = 21,
  jsonrpc = "2.0",
  method = "textDocument/signatureHelp",
  params = {
    position = {
      character = 40,
      line = 9
    },
    textDocument = {
      uri = "file:///home/oscar/.dotfiles/elephant/.config/elephant/menus/wallpapers.lua"
    }
  }
}
[22:03:44.654][warn] [#0:script/proto/proto.lua:189]: Method [textDocument/signatureHelp] takes [7.886]sec. {
  id = 23,
  jsonrpc = "2.0",
  method = "textDocument/signatureHelp",
  params = {
    position = {
      character = 27,
      line = 10
    },
    textDocument = {
      uri = "file:///home/oscar/.dotfiles/elephant/.config/elephant/menus/wallpapers.lua"
    }
  }
}
[22:03:44.655][warn] [#0:script/proto/proto.lua:189]: Method [textDocument/signatureHelp] takes [7.885]sec. {
  id = 26,
  jsonrpc = "2.0",
  method = "textDocument/signatureHelp",
  params = {
    position = {
      character = 28,
      line = 10
    },
    textDocument = {
      uri = "file:///home/oscar/.dotfiles/elephant/.config/elephant/menus/wallpapers.lua"
    }
  }
}
[22:03:44.655][warn] [#0:script/proto/proto.lua:189]: Method [textDocument/signatureHelp] takes [7.570]sec. {
  id = 28,
  jsonrpc = "2.0",
  method = "textDocument/signatureHelp",
  params = {
    position = {
      character = 42,
      line = 10
    },
    textDocument = {
      uri = "file:///home/oscar/.dotfiles/elephant/.config/elephant/menus/wallpapers.lua"
    }
  }
}
[22:03:44.655][warn] [#0:script/proto/proto.lua:189]: Method [textDocument/signatureHelp] takes [6.145]sec. {
  id = 30,
  jsonrpc = "2.0",
  method = "textDocument/signatureHelp",
  params = {
    position = {
      character = 44,
      line = 10
    },
    textDocument = {
      uri = "file:///home/oscar/.dotfiles/elephant/.config/elephant/menus/wallpapers.lua"
    }
  }
}
[22:03:44.655][warn] [#0:script/proto/proto.lua:189]: Method [textDocument/signatureHelp] takes [6.145]sec. {
  id = 34,
  jsonrpc = "2.0",
  method = "textDocument/signatureHelp",
  params = {
    position = {
      character = 45,
      line = 10
    },
    textDocument = {
      uri = "file:///home/oscar/.dotfiles/elephant/.config/elephant/menus/wallpapers.lua"
    }
  }
}
[22:03:44.656][warn] [#0:script/proto/proto.lua:189]: Method [textDocument/signatureHelp] takes [4.967]sec. {
  id = 38,
  jsonrpc = "2.0",
  method = "textDocument/signatureHelp",
  params = {
    position = {
      character = 46,
      line = 10
    },
    textDocument = {
      uri = "file:///home/oscar/.dotfiles/elephant/.config/elephant/menus/wallpapers.lua"
    }
  }
}
[22:03:44.656][warn] [#0:script/proto/proto.lua:189]: Method [textDocument/signatureHelp] takes [4.967]sec. {
  id = 40,
  jsonrpc = "2.0",
  method = "textDocument/signatureHelp",
  params = {
    position = {
      character = 48,
      line = 10
    },
    textDocument = {
      uri = "file:///home/oscar/.dotfiles/elephant/.config/elephant/menus/wallpapers.lua"
    }
  }
}
[22:03:44.656][warn] [#0:script/proto/proto.lua:189]: Method [textDocument/signatureHelp] takes [2.933]sec. {
  id = 43,
  jsonrpc = "2.0",
  method = "textDocument/signatureHelp",
  params = {
    position = {
      character = 50,
      line = 10
    },
    textDocument = {
      uri = "file:///home/oscar/.dotfiles/elephant/.config/elephant/menus/wallpapers.lua"
    }
  }
}
[22:03:49.991][warn] [#0:script/core/diagnostics/init.lua:137]: Diagnostics [duplicate-doc-field] @ [file:///home/oscar/.dotfiles/emacs/.config/emacs/mason/packages/lua-language-server/libexec/meta/3rd/Jass/library/jass/common.lua] takes [1.168] sec!
[22:03:51.334][warn] [#0:script/core/diagnostics/init.lua:137]: Diagnostics [redundant-parameter] @ [file:///home/oscar/.dotfiles/emacs/.config/emacs/mason/packages/lua-language-server/libexec/meta/3rd/Jass/library/jass/common.lua] takes [1.248] sec!
[22:03:52.921][warn] [#0:script/core/diagnostics/init.lua:137]: Diagnostics [invisible] @ [file:///home/oscar/.dotfiles/emacs/.config/emacs/mason/packages/lua-language-server/libexec/meta/3rd/Jass/library/jass/common.lua] takes [1.578] sec!
[22:03:55.589][warn] [#0:script/await.lua:213]: Await step takes [0.859] sec.
[22:03:55.725][warn] [#0:script/core/diagnostics/init.lua:137]: Diagnostics [invisible] @ [file:///home/oscar/.dotfiles/emacs/.config/emacs/mason/packages/lua-language-server/libexec/meta/default%20utf8/System.ComponentModel.lua] takes [1.027] sec!
[22:04:05.331][warn] [#0:script/core/diagnostics/init.lua:137]: Diagnostics [redundant-parameter] @ [file:///home/oscar/.dotfiles/emacs/.config/emacs/mason/packages/lua-language-server/libexec/meta/default%20utf8/System.lua] takes [0.671] sec!
[22:04:05.880][warn] [#0:script/core/diagnostics/init.lua:137]: Diagnostics [invisible] @ [file:///home/oscar/.dotfiles/emacs/.config/emacs/mason/packages/lua-language-server/libexec/meta/default%20utf8/System.lua] takes [0.545] sec!
[22:04:11.871][warn] [#0:script/core/diagnostics/init.lua:137]: Diagnostics [different-requires] @ [file:///home/oscar/.dotfiles/emacs/.config/emacs/mason/packages/lua-language-server/libexec/script/cli/check_worker.lua] takes [0.530] sec!
[22:04:11.871][warn] [#0:script/await.lua:213]: Await step takes [0.530] sec.
[22:04:12.816][warn] [#0:script/provider/provider.lua:654]: Completion takes 0.933 sec.
[22:04:12.829][warn] [#0:script/proto/proto.lua:189]: Method [textDocument/didChange] takes [0.951]sec. {
  jsonrpc = "2.0",
  method = "textDocument/didChange",
  params = {
    contentChanges = { {
        range = {
          end = {
            character = 15,
            line = 9
          },
          start = {
            character = 13,
            line = 9
          }
        },
        rangeLength = 2,
        text = "cp"
      } },
    textDocument = {
      uri = "file:///home/oscar/.dotfiles/elephant/.config/elephant/menus/wallpapers.lua",
      version = 8
    }
  }
}
[22:04:12.829][warn] [#0:script/proto/proto.lua:189]: Method [textDocument/completion] takes [0.951]sec. {
  id = 50,
  jsonrpc = "2.0",
  method = "textDocument/completion",
  params = {
    context = {
      triggerKind = 1
    },
    position = {
      character = 15,
      line = 9
    },
    textDocument = {
      uri = "file:///home/oscar/.dotfiles/elephant/.config/elephant/menus/wallpapers.lua"
    }
  }
}
[22:04:20.373][info] [#0:script/provider/diagnostic.lua:560]: Diagnostics scope [file:///home/oscar/.dotfiles], files count:[1252]
[22:04:25.522][warn] [#0:script/core/diagnostics/init.lua:137]: Diagnostics [duplicate-doc-field] @ [file:///home/oscar/.dotfiles/emacs/.config/emacs/mason/packages/lua-language-server/libexec/meta/3rd/Jass/library/jass/common.lua] takes [1.145] sec!
[22:04:27.109][warn] [#0:script/core/diagnostics/init.lua:137]: Diagnostics [redundant-parameter] @ [file:///home/oscar/.dotfiles/emacs/.config/emacs/mason/packages/lua-language-server/libexec/meta/3rd/Jass/library/jass/common.lua] takes [1.576] sec!
[22:04:29.278][warn] [#0:script/core/diagnostics/init.lua:137]: Diagnostics [invisible] @ [file:///home/oscar/.dotfiles/emacs/.config/emacs/mason/packages/lua-language-server/libexec/meta/3rd/Jass/library/jass/common.lua] takes [2.153] sec!
[22:04:55.741][warn] [#0:script/core/diagnostics/init.lua:137]: Diagnostics [deprecated] @ [file:///home/oscar/.dotfiles/mpv/.config/mpv/scripts/uosc/elements/Menu.lua] takes [0.518] sec!
[22:04:57.549][info] [#0:script/provider/diagnostic.lua:577]: Diagnostics scope [file:///home/oscar/.dotfiles] finished, takes [36.979] sec.
[22:05:01.805][warn] [#0:script/await.lua:222]: [fire]Await step takes [4.233] sec.
stack traceback:
